<?xml version="1.0" encoding="UTF-8"?>
<mxGraphModel dx="999" dy="638" grid="1" gridSize="10" guides="1" tooltips="1" connect="1" arrows="1" fold="1" page="1" pageScale="1" pageWidth="850" pageHeight="1100" background="#ffffff" math="0" shadow="0"><root><mxCell id="0"/><mxCell id="1" parent="0"/><mxCell id="2" value="a" style="rounded=0;whiteSpace=wrap;html=1;fillColor=none;fontSize=12;strokeWidth=2;" parent="1" vertex="1"><mxGeometry x="135" y="140" width="595" height="220" as="geometry"/></mxCell><mxCell id="3" value="&lt;div style=&quot;text-align: left ; font-size: 13px&quot;&gt;&lt;span&gt;Sawtooth Node&lt;/span&gt;&lt;/div&gt;" style="text;html=1;strokeColor=none;fillColor=none;align=left;verticalAlign=middle;whiteSpace=wrap;rounded=0;fontSize=12;" parent="1" vertex="1"><mxGeometry x="134" y="110" width="142.34875444839855" height="30.730478589420652" as="geometry"/></mxCell><mxCell id="398" value="" style="endArrow=none;html=1;strokeColor=#000000;strokeWidth=1;fontSize=12;entryX=0;entryY=0.5;exitX=1;exitY=0.5;exitDx=0;exitDy=0;entryDx=0;entryDy=0;" parent="1" source="4ZanfotDYA3hXkqkT3Ym-516" target="4ZanfotDYA3hXkqkT3Ym-532" edge="1"><mxGeometry width="50" height="50" relative="1" as="geometry"><mxPoint x="442" y="545" as="sourcePoint"/><mxPoint x="478" y="545" as="targetPoint"/></mxGeometry></mxCell><mxCell id="401" value="" style="endArrow=none;html=1;strokeWidth=1;fontSize=12;exitX=0.5;exitY=0;strokeColor=#000000;entryX=1;entryY=0.5;exitDx=0;exitDy=0;entryDx=0;entryDy=0;" parent="1" source="4ZanfotDYA3hXkqkT3Ym-532" target="400" edge="1"><mxGeometry width="50" height="50" relative="1" as="geometry"><mxPoint x="523" y="522" as="sourcePoint"/><mxPoint x="391.1316725978651" y="438" as="targetPoint"/></mxGeometry></mxCell><mxCell id="402" value="" style="endArrow=none;html=1;strokeWidth=1;fontSize=12;exitX=0.5;exitY=0;strokeColor=#000000;entryX=1;entryY=0.5;exitDx=0;exitDy=0;entryDx=0;entryDy=0;" parent="1" source="4ZanfotDYA3hXkqkT3Ym-516" target="400" edge="1"><mxGeometry width="50" height="50" relative="1" as="geometry"><mxPoint x="397" y="522" as="sourcePoint"/><mxPoint x="391.1316725978651" y="438" as="targetPoint"/></mxGeometry></mxCell><mxCell id="412" value="" style="endArrow=none;html=1;strokeWidth=1;fontSize=12;entryX=0;entryY=0.5;strokeColor=#000000;exitX=1;exitY=0.5;entryDx=0;entryDy=0;exitDx=0;exitDy=0;" parent="1" source="400" target="4ZanfotDYA3hXkqkT3Ym-551" edge="1"><mxGeometry width="50" height="50" relative="1" as="geometry"><mxPoint x="389.5000000000001" y="438" as="sourcePoint"/><mxPoint x="535.5" y="439" as="targetPoint"/></mxGeometry></mxCell><mxCell id="415" value="" style="endArrow=none;html=1;strokeWidth=1;fontSize=12;exitX=0.5;exitY=0;entryX=0;entryY=0.5;strokeColor=#000000;exitDx=0;exitDy=0;entryDx=0;entryDy=0;" parent="1" source="4ZanfotDYA3hXkqkT3Ym-532" target="4ZanfotDYA3hXkqkT3Ym-551" edge="1"><mxGeometry width="50" height="50" relative="1" as="geometry"><mxPoint x="523" y="522" as="sourcePoint"/><mxPoint x="535.5" y="439" as="targetPoint"/></mxGeometry></mxCell><mxCell id="425" value="" style="endArrow=none;html=1;strokeWidth=1;fontSize=12;exitX=0.5;exitY=0;entryX=0;entryY=0.5;strokeColor=#000000;exitDx=0;exitDy=0;entryDx=0;entryDy=0;" parent="1" source="4ZanfotDYA3hXkqkT3Ym-516" target="4ZanfotDYA3hXkqkT3Ym-551" edge="1"><mxGeometry width="50" height="50" relative="1" as="geometry"><mxPoint x="397" y="522" as="sourcePoint"/><mxPoint x="535.5" y="439" as="targetPoint"/></mxGeometry></mxCell><mxCell id="427" value="" style="endArrow=none;html=1;strokeWidth=1;fontSize=12;entryX=0.5;entryY=1;strokeColor=#000000;exitX=0.5;exitY=0;exitDx=0;exitDy=0;" parent="1" source="400" target="9" edge="1"><mxGeometry width="50" height="50" relative="1" as="geometry"><mxPoint x="374" y="404" as="sourcePoint"/><mxPoint x="497" y="313" as="targetPoint"/></mxGeometry></mxCell><mxCell id="428" value="" style="endArrow=none;html=1;strokeWidth=1;fontSize=12;entryX=0.5;entryY=1;exitX=0.5;exitY=0;strokeColor=#000000;exitDx=0;exitDy=0;" parent="1" source="4ZanfotDYA3hXkqkT3Ym-551" target="9" edge="1"><mxGeometry width="50" height="50" relative="1" as="geometry"><mxPoint x="580.5" y="416" as="sourcePoint"/><mxPoint x="497" y="313" as="targetPoint"/></mxGeometry></mxCell><mxCell id="429" value="" style="endArrow=none;html=1;strokeWidth=1;fontSize=12;entryX=0.5;entryY=1;exitX=0.5;exitY=0;strokeColor=#000000;exitDx=0;exitDy=0;" parent="1" source="4ZanfotDYA3hXkqkT3Ym-516" target="9" edge="1"><mxGeometry width="50" height="50" relative="1" as="geometry"><mxPoint x="397" y="522" as="sourcePoint"/><mxPoint x="497" y="313" as="targetPoint"/></mxGeometry></mxCell><mxCell id="430" value="" style="endArrow=none;html=1;strokeWidth=1;fontSize=12;entryX=0.5;entryY=1;exitX=0.5;exitY=0;strokeColor=#000000;exitDx=0;exitDy=0;" parent="1" source="4ZanfotDYA3hXkqkT3Ym-532" target="9" edge="1"><mxGeometry width="50" height="50" relative="1" as="geometry"><mxPoint x="523" y="522" as="sourcePoint"/><mxPoint x="497" y="313" as="targetPoint"/></mxGeometry></mxCell><mxCell id="373" value="&lt;div style=&quot;text-align: left ; font-size: 14px&quot;&gt;&lt;div style=&quot;text-align: center&quot;&gt;&lt;font style=&quot;font-size: 14px&quot;&gt;Sawtooth&lt;/font&gt;&amp;nbsp;Network&lt;/div&gt;&lt;/div&gt;" style="text;html=1;strokeColor=none;fillColor=#ffffff;align=center;verticalAlign=middle;whiteSpace=wrap;rounded=0;fontSize=12;" parent="1" vertex="1"><mxGeometry x="401.0000000000001" y="383" width="120" height="17" as="geometry"/></mxCell><mxCell id="150" value="&lt;font style=&quot;font-size: 9px&quot;&gt;TCP&lt;/font&gt;&lt;div style=&quot;font-size: 9px&quot;&gt;&lt;font style=&quot;font-size: 9px&quot;&gt;8800&lt;/font&gt;&lt;/div&gt;" style="text;html=1;strokeColor=none;fillColor=none;align=center;verticalAlign=middle;whiteSpace=wrap;rounded=0;dashed=1;fontSize=9;rotation=0;" parent="1" vertex="1"><mxGeometry x="440" y="330.9999999999999" width="40" height="20" as="geometry"/></mxCell><mxCell id="4" value="&lt;font style=&quot;font-size: 12px&quot;&gt;Client:&amp;nbsp;&lt;br&gt;&lt;/font&gt;Sawtooth CLI" style="rounded=1;whiteSpace=wrap;html=1;strokeColor=#000000;strokeWidth=1;fillColor=#FFF2C5;fontSize=12;" parent="1" vertex="1"><mxGeometry x="146.24999999999991" y="169.99999999999991" width="90" height="43" as="geometry"/></mxCell><mxCell id="5" value="" style="endArrow=none;html=1;strokeColor=#000000;strokeWidth=1;fontSize=12;entryX=0;entryY=0.25;exitX=1;exitY=0.5;" parent="1" source="4" target="6" edge="1"><mxGeometry width="50" height="50" relative="1" as="geometry"><mxPoint x="63.95462633451949" y="517.3979848866497" as="sourcePoint"/><mxPoint x="135.12900355871878" y="440.5717884130981" as="targetPoint"/></mxGeometry></mxCell><mxCell id="8" value="" style="group" parent="1" vertex="1" connectable="0"><mxGeometry x="385.2499999999999" y="179.99999999999983" width="150" height="111.00000000000003" as="geometry"/></mxCell><mxCell id="9" value="" style="rounded=1;whiteSpace=wrap;html=1;strokeWidth=1;fillColor=#B5D3FF;fontSize=12;strokeColor=#000000;" parent="8" vertex="1"><mxGeometry y="2.3684757858670007e-14" width="150" height="111" as="geometry"/></mxCell><mxCell id="10" value="&lt;font style=&quot;font-size: 14px&quot;&gt;Validator&lt;/font&gt;" style="text;html=1;strokeColor=none;fillColor=none;align=center;verticalAlign=middle;whiteSpace=wrap;rounded=0;fontSize=12;" parent="8" vertex="1"><mxGeometry x="33.26410526315783" y="44.901183137400885" width="83.47178947368421" height="21.197633725198358" as="geometry"/></mxCell><mxCell id="11" style="edgeStyle=orthogonalEdgeStyle;curved=1;jumpSize=3;html=1;exitX=0.25;exitY=0;entryX=0.25;entryY=0;jettySize=auto;orthogonalLoop=1;strokeColor=#000000;strokeWidth=1;fontSize=11;" parent="8" source="9" target="9" edge="1"><mxGeometry relative="1" as="geometry"/></mxCell><mxCell id="12" value="" style="endArrow=none;html=1;strokeColor=#000000;strokeWidth=1;fontSize=12;entryX=0;entryY=0.5;exitX=1;exitY=0.5;" parent="1" source="9" target="14" edge="1"><mxGeometry width="50" height="50" relative="1" as="geometry"><mxPoint x="581.2499999999999" y="250.99999999999997" as="sourcePoint"/><mxPoint x="661.5441176470587" y="257.2941176470589" as="targetPoint"/></mxGeometry></mxCell><mxCell id="13" value="" style="endArrow=none;html=1;strokeColor=#000000;strokeWidth=1;fontSize=12;entryX=0;entryY=0.5;exitX=1;exitY=0.5;" parent="1" source="9" target="15" edge="1"><mxGeometry width="50" height="50" relative="1" as="geometry"><mxPoint x="581.4166666666666" y="252.33333333333334" as="sourcePoint"/><mxPoint x="611.4166666666666" y="296.5" as="targetPoint"/></mxGeometry></mxCell><mxCell id="101" value="&lt;font style=&quot;font-size: 9px;&quot;&gt;TCP&lt;/font&gt;&lt;div style=&quot;font-size: 9px;&quot;&gt;&lt;font style=&quot;font-size: 9px;&quot;&gt;4004&lt;/font&gt;&lt;/div&gt;" style="text;html=1;strokeColor=none;fillColor=none;align=center;verticalAlign=middle;whiteSpace=wrap;rounded=0;dashed=1;fontSize=9;rotation=0;" parent="1" vertex="1"><mxGeometry x="348.2499999999999" y="225.4999999999999" width="40" height="20" as="geometry"/></mxCell><mxCell id="102" value="&lt;font style=&quot;font-size: 9px&quot;&gt;TCP&lt;/font&gt;&lt;div style=&quot;font-size: 9px&quot;&gt;&lt;font style=&quot;font-size: 9px&quot;&gt;8008&lt;/font&gt;&lt;/div&gt;" style="text;html=1;strokeColor=none;fillColor=none;align=center;verticalAlign=middle;whiteSpace=wrap;rounded=0;dashed=1;fontSize=9;rotation=0;" parent="1" vertex="1"><mxGeometry x="228.24999999999991" y="221.4999999999999" width="40" height="20" as="geometry"/></mxCell><mxCell id="107" value="" style="endArrow=none;html=1;fontSize=9;fontColor=#4D4D4D;entryX=0;entryY=0.5;exitX=1;exitY=0.5;" parent="1" source="6" target="9" edge="1"><mxGeometry width="50" height="50" relative="1" as="geometry"><mxPoint x="329.2499999999999" y="300" as="sourcePoint"/><mxPoint x="319.2499999999999" y="310" as="targetPoint"/></mxGeometry></mxCell><mxCell id="329" value="" style="endArrow=none;html=1;fontSize=10;entryX=1;entryY=0.5;exitX=0;exitY=0.5;" parent="1" source="324" target="9" edge="1"><mxGeometry width="50" height="50" relative="1" as="geometry"><mxPoint x="594.1120689655171" y="268.58620689655174" as="sourcePoint"/><mxPoint x="259.2499999999999" y="720" as="targetPoint"/></mxGeometry></mxCell><mxCell id="351" style="edgeStyle=orthogonalEdgeStyle;rounded=0;html=1;exitX=0.25;exitY=1;entryX=0.25;entryY=1;endArrow=none;endFill=0;jettySize=auto;orthogonalLoop=1;strokeColor=#0000CC;fontSize=10;" parent="1" source="150" target="150" edge="1"><mxGeometry relative="1" as="geometry"/></mxCell><mxCell id="6" value="&lt;font style=&quot;font-size: 12px&quot;&gt;REST API&lt;/font&gt;" style="rounded=1;whiteSpace=wrap;html=1;strokeWidth=1;fillColor=#CCF0E2;fontSize=12;strokeColor=#000000;" parent="1" vertex="1"><mxGeometry x="261.2499999999999" y="216.9999999999998" width="78" height="37" as="geometry"/></mxCell><mxCell id="4ZanfotDYA3hXkqkT3Ym-454" value="" style="group" vertex="1" connectable="0" parent="1"><mxGeometry x="583.7499999999999" y="204.9999999999999" width="138.5" height="61" as="geometry"/></mxCell><mxCell id="14" value="&lt;div style=&quot;font-size: 11px&quot;&gt;&lt;br&gt;&lt;/div&gt;" style="rounded=1;whiteSpace=wrap;html=1;strokeWidth=1;fillColor=#F4EDFC;fontSize=12;strokeColor=#000000;" parent="4ZanfotDYA3hXkqkT3Ym-454" vertex="1"><mxGeometry x="18.5" width="120" height="34" as="geometry"/></mxCell><mxCell id="15" value="&lt;div style=&quot;font-size: 11px&quot;&gt;&lt;br&gt;&lt;/div&gt;" style="rounded=1;whiteSpace=wrap;html=1;strokeWidth=1;fillColor=#F4EDFC;fontSize=12;strokeColor=#000000;" parent="4ZanfotDYA3hXkqkT3Ym-454" vertex="1"><mxGeometry x="9.250000000000114" y="12" width="120" height="37" as="geometry"/></mxCell><mxCell id="324" value="&lt;div&gt;&lt;font style=&quot;font-size: 12px&quot;&gt;Transaction&lt;/font&gt;&lt;/div&gt;&lt;div&gt;&lt;font style=&quot;font-size: 12px&quot;&gt;Processors&lt;/font&gt;&lt;/div&gt;" style="rounded=1;whiteSpace=wrap;html=1;strokeWidth=1;fillColor=#F4EDFC;fontSize=12;strokeColor=#000000;" parent="4ZanfotDYA3hXkqkT3Ym-454" vertex="1"><mxGeometry y="26" width="120" height="35" as="geometry"/></mxCell><mxCell id="4ZanfotDYA3hXkqkT3Ym-457" value="Consensus&lt;br&gt;Engine&lt;br&gt;" style="rounded=1;whiteSpace=wrap;html=1;strokeColor=#000000;strokeWidth=1;fillColor=#D5DAF5;fontSize=12;fontColor=#333333;" vertex="1" parent="1"><mxGeometry x="205" y="288" width="79" height="43" as="geometry"/></mxCell><mxCell id="4ZanfotDYA3hXkqkT3Ym-460" value="" style="endArrow=none;html=1;exitX=1;exitY=0.5;exitDx=0;exitDy=0;entryX=0;entryY=0.75;entryDx=0;entryDy=0;" edge="1" parent="1" source="4ZanfotDYA3hXkqkT3Ym-457" target="9"><mxGeometry width="50" height="50" relative="1" as="geometry"><mxPoint x="313" y="316" as="sourcePoint"/><mxPoint x="363" y="266" as="targetPoint"/></mxGeometry></mxCell><mxCell id="376" value="" style="group;fillColor=#ffffff;" parent="1" vertex="1" connectable="0"><mxGeometry x="480.50000000000006" y="522" width="90" height="50" as="geometry"/></mxCell><mxCell id="4ZanfotDYA3hXkqkT3Ym-514" value="" style="group;fillColor=#ffffff;" vertex="1" connectable="0" parent="1"><mxGeometry x="351.5000000000001" y="524" width="90" height="50" as="geometry"/></mxCell><mxCell id="4ZanfotDYA3hXkqkT3Ym-530" value="" style="group;fillColor=#ffffff;" vertex="1" connectable="0" parent="1"><mxGeometry x="477.5000000000001" y="524" width="90" height="50" as="geometry"/></mxCell><mxCell id="4ZanfotDYA3hXkqkT3Ym-547" value="" style="group" vertex="1" connectable="0" parent="1"><mxGeometry x="351.5000000000001" y="522" width="90" height="46" as="geometry"/></mxCell><mxCell id="4ZanfotDYA3hXkqkT3Ym-515" value="" style="group" vertex="1" connectable="0" parent="4ZanfotDYA3hXkqkT3Ym-547"><mxGeometry width="90" height="46" as="geometry"/></mxCell><mxCell id="4ZanfotDYA3hXkqkT3Ym-516" value="" style="rounded=0;whiteSpace=wrap;html=1;fillColor=#E8F2FF;fontSize=12;strokeWidth=1;" vertex="1" parent="4ZanfotDYA3hXkqkT3Ym-515"><mxGeometry width="90" height="46" as="geometry"/></mxCell><mxCell id="4ZanfotDYA3hXkqkT3Ym-517" value="" style="endArrow=none;html=1;strokeColor=#000000;strokeWidth=1;fontSize=11;entryX=0.5;entryY=1;exitX=0.5;exitY=0;exitDx=0;exitDy=0;entryDx=0;entryDy=0;" edge="1" parent="4ZanfotDYA3hXkqkT3Ym-515" source="4ZanfotDYA3hXkqkT3Ym-521" target="4ZanfotDYA3hXkqkT3Ym-528"><mxGeometry width="50" height="50" relative="1" as="geometry"><mxPoint x="8.099999999999909" y="18.200000000000045" as="sourcePoint"/><mxPoint x="8.499999999999886" y="9" as="targetPoint"/></mxGeometry></mxCell><mxCell id="4ZanfotDYA3hXkqkT3Ym-518" value="" style="rounded=1;whiteSpace=wrap;html=1;strokeWidth=1;fillColor=#D5DAF5;fontSize=12;strokeColor=#000000;" vertex="1" parent="4ZanfotDYA3hXkqkT3Ym-515"><mxGeometry x="6.764705882352985" y="32" width="12.705882352941178" height="10" as="geometry"/></mxCell><mxCell id="4ZanfotDYA3hXkqkT3Ym-519" value="" style="endArrow=none;html=1;strokeColor=#000000;strokeWidth=1;fontSize=11;entryX=0;entryY=0.75;exitX=1;exitY=0.5;exitDx=0;exitDy=0;entryDx=0;entryDy=0;" edge="1" parent="4ZanfotDYA3hXkqkT3Ym-515" source="4ZanfotDYA3hXkqkT3Ym-518" target="4ZanfotDYA3hXkqkT3Ym-520"><mxGeometry width="50" height="50" relative="1" as="geometry"><mxPoint x="27.499999999999886" y="33" as="sourcePoint"/><mxPoint x="33.249999999999886" y="33" as="targetPoint"/></mxGeometry></mxCell><mxCell id="4ZanfotDYA3hXkqkT3Ym-520" value="" style="rounded=1;whiteSpace=wrap;html=1;strokeWidth=1;fillColor=#B5D3FF;fontSize=12;strokeColor=#000000;" vertex="1" parent="4ZanfotDYA3hXkqkT3Ym-515"><mxGeometry x="30" y="13" width="25" height="20" as="geometry"/></mxCell><mxCell id="4ZanfotDYA3hXkqkT3Ym-521" value="" style="rounded=1;whiteSpace=wrap;html=1;strokeWidth=1;fillColor=#CCF0E2;fontSize=12;strokeColor=#000000;" vertex="1" parent="4ZanfotDYA3hXkqkT3Ym-515"><mxGeometry x="11.764705882352985" y="18" width="12.705882352941178" height="10" as="geometry"/></mxCell><mxCell id="4ZanfotDYA3hXkqkT3Ym-522" value="" style="endArrow=none;html=1;strokeColor=#000000;strokeWidth=1;fontSize=11;entryX=0;entryY=0.5;exitX=1;exitY=0.5;" edge="1" parent="4ZanfotDYA3hXkqkT3Ym-515" source="4ZanfotDYA3hXkqkT3Ym-521" target="4ZanfotDYA3hXkqkT3Ym-520"><mxGeometry width="50" height="50" relative="1" as="geometry"><mxPoint x="7.411764705882376" y="344.25" as="sourcePoint"/><mxPoint x="33.88235294117652" y="313" as="targetPoint"/></mxGeometry></mxCell><mxCell id="4ZanfotDYA3hXkqkT3Ym-523" value="" style="endArrow=none;html=1;strokeColor=#000000;strokeWidth=1;fontSize=11;exitX=1;exitY=0.5;entryX=0;entryY=0.5;" edge="1" parent="4ZanfotDYA3hXkqkT3Ym-515" source="4ZanfotDYA3hXkqkT3Ym-520" target="4ZanfotDYA3hXkqkT3Ym-527"><mxGeometry width="50" height="50" relative="1" as="geometry"><mxPoint x="102.70588235294122" y="281.75" as="sourcePoint"/><mxPoint x="129.17647058823536" y="250.5" as="targetPoint"/></mxGeometry></mxCell><mxCell id="4ZanfotDYA3hXkqkT3Ym-524" value="" style="group" vertex="1" connectable="0" parent="4ZanfotDYA3hXkqkT3Ym-515"><mxGeometry x="60.35294117647061" y="11.75" width="24.88235294117647" height="16.25" as="geometry"/></mxCell><mxCell id="4ZanfotDYA3hXkqkT3Ym-525" value="" style="rounded=1;whiteSpace=wrap;html=1;strokeWidth=1;fillColor=#F4EDFC;fontSize=12;strokeColor=#000000;" vertex="1" parent="4ZanfotDYA3hXkqkT3Ym-524"><mxGeometry x="3.7058823529411766" width="21.176470588235293" height="10" as="geometry"/></mxCell><mxCell id="4ZanfotDYA3hXkqkT3Ym-526" value="" style="rounded=1;whiteSpace=wrap;html=1;strokeWidth=1;fillColor=#F4EDFC;fontSize=12;strokeColor=#000000;" vertex="1" parent="4ZanfotDYA3hXkqkT3Ym-524"><mxGeometry x="1.5882352941176472" y="3.125" width="21.176470588235293" height="10" as="geometry"/></mxCell><mxCell id="4ZanfotDYA3hXkqkT3Ym-527" value="" style="rounded=1;whiteSpace=wrap;html=1;strokeWidth=1;fillColor=#F4EDFC;fontSize=12;strokeColor=#000000;" vertex="1" parent="4ZanfotDYA3hXkqkT3Ym-524"><mxGeometry y="6.25" width="21.176470588235293" height="10" as="geometry"/></mxCell><mxCell id="4ZanfotDYA3hXkqkT3Ym-528" value="" style="rounded=1;whiteSpace=wrap;html=1;strokeColor=#000000;strokeWidth=1;fillColor=#FFF2C5;fontSize=12;arcSize=0;" vertex="1" parent="4ZanfotDYA3hXkqkT3Ym-515"><mxGeometry x="4" y="3" width="16" height="6" as="geometry"/></mxCell><mxCell id="4ZanfotDYA3hXkqkT3Ym-548" value="" style="group" vertex="1" connectable="0" parent="1"><mxGeometry x="477.5000000000001" y="522" width="90" height="46" as="geometry"/></mxCell><mxCell id="4ZanfotDYA3hXkqkT3Ym-531" value="" style="group" vertex="1" connectable="0" parent="4ZanfotDYA3hXkqkT3Ym-548"><mxGeometry width="90" height="46" as="geometry"/></mxCell><mxCell id="4ZanfotDYA3hXkqkT3Ym-532" value="" style="rounded=0;whiteSpace=wrap;html=1;fillColor=#E8F2FF;fontSize=12;strokeWidth=1;" vertex="1" parent="4ZanfotDYA3hXkqkT3Ym-531"><mxGeometry width="90" height="46" as="geometry"/></mxCell><mxCell id="4ZanfotDYA3hXkqkT3Ym-533" value="" style="endArrow=none;html=1;strokeColor=#000000;strokeWidth=1;fontSize=11;entryX=0.5;entryY=1;exitX=0.5;exitY=0;exitDx=0;exitDy=0;entryDx=0;entryDy=0;" edge="1" parent="4ZanfotDYA3hXkqkT3Ym-531" source="4ZanfotDYA3hXkqkT3Ym-537" target="4ZanfotDYA3hXkqkT3Ym-544"><mxGeometry width="50" height="50" relative="1" as="geometry"><mxPoint x="8.099999999999909" y="18.200000000000045" as="sourcePoint"/><mxPoint x="8.499999999999886" y="9" as="targetPoint"/></mxGeometry></mxCell><mxCell id="4ZanfotDYA3hXkqkT3Ym-534" value="" style="rounded=1;whiteSpace=wrap;html=1;strokeWidth=1;fillColor=#D5DAF5;fontSize=12;strokeColor=#000000;" vertex="1" parent="4ZanfotDYA3hXkqkT3Ym-531"><mxGeometry x="6.764705882352985" y="32" width="12.705882352941178" height="10" as="geometry"/></mxCell><mxCell id="4ZanfotDYA3hXkqkT3Ym-535" value="" style="endArrow=none;html=1;strokeColor=#000000;strokeWidth=1;fontSize=11;entryX=0;entryY=0.75;exitX=1;exitY=0.5;exitDx=0;exitDy=0;entryDx=0;entryDy=0;" edge="1" parent="4ZanfotDYA3hXkqkT3Ym-531" source="4ZanfotDYA3hXkqkT3Ym-534" target="4ZanfotDYA3hXkqkT3Ym-536"><mxGeometry width="50" height="50" relative="1" as="geometry"><mxPoint x="27.499999999999886" y="33" as="sourcePoint"/><mxPoint x="33.249999999999886" y="33" as="targetPoint"/></mxGeometry></mxCell><mxCell id="4ZanfotDYA3hXkqkT3Ym-536" value="" style="rounded=1;whiteSpace=wrap;html=1;strokeWidth=1;fillColor=#B5D3FF;fontSize=12;strokeColor=#000000;" vertex="1" parent="4ZanfotDYA3hXkqkT3Ym-531"><mxGeometry x="30" y="13" width="25" height="20" as="geometry"/></mxCell><mxCell id="4ZanfotDYA3hXkqkT3Ym-537" value="" style="rounded=1;whiteSpace=wrap;html=1;strokeWidth=1;fillColor=#CCF0E2;fontSize=12;strokeColor=#000000;" vertex="1" parent="4ZanfotDYA3hXkqkT3Ym-531"><mxGeometry x="11.764705882352985" y="18" width="12.705882352941178" height="10" as="geometry"/></mxCell><mxCell id="4ZanfotDYA3hXkqkT3Ym-538" value="" style="endArrow=none;html=1;strokeColor=#000000;strokeWidth=1;fontSize=11;entryX=0;entryY=0.5;exitX=1;exitY=0.5;" edge="1" parent="4ZanfotDYA3hXkqkT3Ym-531" source="4ZanfotDYA3hXkqkT3Ym-537" target="4ZanfotDYA3hXkqkT3Ym-536"><mxGeometry width="50" height="50" relative="1" as="geometry"><mxPoint x="7.411764705882376" y="344.25" as="sourcePoint"/><mxPoint x="33.88235294117652" y="313" as="targetPoint"/></mxGeometry></mxCell><mxCell id="4ZanfotDYA3hXkqkT3Ym-539" value="" style="endArrow=none;html=1;strokeColor=#000000;strokeWidth=1;fontSize=11;exitX=1;exitY=0.5;entryX=0;entryY=0.5;" edge="1" parent="4ZanfotDYA3hXkqkT3Ym-531" source="4ZanfotDYA3hXkqkT3Ym-536" target="4ZanfotDYA3hXkqkT3Ym-543"><mxGeometry width="50" height="50" relative="1" as="geometry"><mxPoint x="102.70588235294122" y="281.75" as="sourcePoint"/><mxPoint x="129.17647058823536" y="250.5" as="targetPoint"/></mxGeometry></mxCell><mxCell id="4ZanfotDYA3hXkqkT3Ym-540" value="" style="group" vertex="1" connectable="0" parent="4ZanfotDYA3hXkqkT3Ym-531"><mxGeometry x="60.35294117647061" y="11.75" width="24.88235294117647" height="16.25" as="geometry"/></mxCell><mxCell id="4ZanfotDYA3hXkqkT3Ym-541" value="" style="rounded=1;whiteSpace=wrap;html=1;strokeWidth=1;fillColor=#F4EDFC;fontSize=12;strokeColor=#000000;" vertex="1" parent="4ZanfotDYA3hXkqkT3Ym-540"><mxGeometry x="3.7058823529411766" width="21.176470588235293" height="10" as="geometry"/></mxCell><mxCell id="4ZanfotDYA3hXkqkT3Ym-542" value="" style="rounded=1;whiteSpace=wrap;html=1;strokeWidth=1;fillColor=#F4EDFC;fontSize=12;strokeColor=#000000;" vertex="1" parent="4ZanfotDYA3hXkqkT3Ym-540"><mxGeometry x="1.5882352941176472" y="3.125" width="21.176470588235293" height="10" as="geometry"/></mxCell><mxCell id="4ZanfotDYA3hXkqkT3Ym-543" value="" style="rounded=1;whiteSpace=wrap;html=1;strokeWidth=1;fillColor=#F4EDFC;fontSize=12;strokeColor=#000000;" vertex="1" parent="4ZanfotDYA3hXkqkT3Ym-540"><mxGeometry y="6.25" width="21.176470588235293" height="10" as="geometry"/></mxCell><mxCell id="4ZanfotDYA3hXkqkT3Ym-544" value="" style="rounded=1;whiteSpace=wrap;html=1;strokeColor=#000000;strokeWidth=1;fillColor=#FFF2C5;fontSize=12;arcSize=0;" vertex="1" parent="4ZanfotDYA3hXkqkT3Ym-531"><mxGeometry x="4" y="3" width="16" height="6" as="geometry"/></mxCell><mxCell id="4ZanfotDYA3hXkqkT3Ym-566" value="" style="group" vertex="1" connectable="0" parent="1"><mxGeometry x="535.5000000000001" y="416" width="90" height="46" as="geometry"/></mxCell><mxCell id="4ZanfotDYA3hXkqkT3Ym-550" value="" style="group" vertex="1" connectable="0" parent="4ZanfotDYA3hXkqkT3Ym-566"><mxGeometry width="90" height="46" as="geometry"/></mxCell><mxCell id="4ZanfotDYA3hXkqkT3Ym-551" value="" style="rounded=0;whiteSpace=wrap;html=1;fillColor=#E8F2FF;fontSize=12;strokeWidth=1;" vertex="1" parent="4ZanfotDYA3hXkqkT3Ym-550"><mxGeometry width="90" height="46" as="geometry"/></mxCell><mxCell id="4ZanfotDYA3hXkqkT3Ym-552" value="" style="endArrow=none;html=1;strokeColor=#000000;strokeWidth=1;fontSize=11;entryX=0.5;entryY=1;exitX=0.5;exitY=0;exitDx=0;exitDy=0;entryDx=0;entryDy=0;" edge="1" parent="4ZanfotDYA3hXkqkT3Ym-550" source="4ZanfotDYA3hXkqkT3Ym-556" target="4ZanfotDYA3hXkqkT3Ym-563"><mxGeometry width="50" height="50" relative="1" as="geometry"><mxPoint x="8.099999999999909" y="18.200000000000045" as="sourcePoint"/><mxPoint x="8.499999999999886" y="9" as="targetPoint"/></mxGeometry></mxCell><mxCell id="4ZanfotDYA3hXkqkT3Ym-553" value="" style="rounded=1;whiteSpace=wrap;html=1;strokeWidth=1;fillColor=#D5DAF5;fontSize=12;strokeColor=#000000;" vertex="1" parent="4ZanfotDYA3hXkqkT3Ym-550"><mxGeometry x="6.764705882352985" y="32" width="12.705882352941178" height="10" as="geometry"/></mxCell><mxCell id="4ZanfotDYA3hXkqkT3Ym-554" value="" style="endArrow=none;html=1;strokeColor=#000000;strokeWidth=1;fontSize=11;entryX=0;entryY=0.75;exitX=1;exitY=0.5;exitDx=0;exitDy=0;entryDx=0;entryDy=0;" edge="1" parent="4ZanfotDYA3hXkqkT3Ym-550" source="4ZanfotDYA3hXkqkT3Ym-553" target="4ZanfotDYA3hXkqkT3Ym-555"><mxGeometry width="50" height="50" relative="1" as="geometry"><mxPoint x="27.499999999999886" y="33" as="sourcePoint"/><mxPoint x="33.249999999999886" y="33" as="targetPoint"/></mxGeometry></mxCell><mxCell id="4ZanfotDYA3hXkqkT3Ym-555" value="" style="rounded=1;whiteSpace=wrap;html=1;strokeWidth=1;fillColor=#B5D3FF;fontSize=12;strokeColor=#000000;" vertex="1" parent="4ZanfotDYA3hXkqkT3Ym-550"><mxGeometry x="30" y="13" width="25" height="20" as="geometry"/></mxCell><mxCell id="4ZanfotDYA3hXkqkT3Ym-556" value="" style="rounded=1;whiteSpace=wrap;html=1;strokeWidth=1;fillColor=#CCF0E2;fontSize=12;strokeColor=#000000;" vertex="1" parent="4ZanfotDYA3hXkqkT3Ym-550"><mxGeometry x="11.764705882352985" y="18" width="12.705882352941178" height="10" as="geometry"/></mxCell><mxCell id="4ZanfotDYA3hXkqkT3Ym-557" value="" style="endArrow=none;html=1;strokeColor=#000000;strokeWidth=1;fontSize=11;entryX=0;entryY=0.5;exitX=1;exitY=0.5;" edge="1" parent="4ZanfotDYA3hXkqkT3Ym-550" source="4ZanfotDYA3hXkqkT3Ym-556" target="4ZanfotDYA3hXkqkT3Ym-555"><mxGeometry width="50" height="50" relative="1" as="geometry"><mxPoint x="7.411764705882376" y="344.25" as="sourcePoint"/><mxPoint x="33.88235294117652" y="313" as="targetPoint"/></mxGeometry></mxCell><mxCell id="4ZanfotDYA3hXkqkT3Ym-558" value="" style="endArrow=none;html=1;strokeColor=#000000;strokeWidth=1;fontSize=11;exitX=1;exitY=0.5;entryX=0;entryY=0.5;" edge="1" parent="4ZanfotDYA3hXkqkT3Ym-550" source="4ZanfotDYA3hXkqkT3Ym-555" target="4ZanfotDYA3hXkqkT3Ym-562"><mxGeometry width="50" height="50" relative="1" as="geometry"><mxPoint x="102.70588235294122" y="281.75" as="sourcePoint"/><mxPoint x="129.17647058823536" y="250.5" as="targetPoint"/></mxGeometry></mxCell><mxCell id="4ZanfotDYA3hXkqkT3Ym-559" value="" style="group" vertex="1" connectable="0" parent="4ZanfotDYA3hXkqkT3Ym-550"><mxGeometry x="60.35294117647061" y="11.75" width="24.88235294117647" height="16.25" as="geometry"/></mxCell><mxCell id="4ZanfotDYA3hXkqkT3Ym-560" value="" style="rounded=1;whiteSpace=wrap;html=1;strokeWidth=1;fillColor=#F4EDFC;fontSize=12;strokeColor=#000000;" vertex="1" parent="4ZanfotDYA3hXkqkT3Ym-559"><mxGeometry x="3.7058823529411766" width="21.176470588235293" height="10" as="geometry"/></mxCell><mxCell id="4ZanfotDYA3hXkqkT3Ym-561" value="" style="rounded=1;whiteSpace=wrap;html=1;strokeWidth=1;fillColor=#F4EDFC;fontSize=12;strokeColor=#000000;" vertex="1" parent="4ZanfotDYA3hXkqkT3Ym-559"><mxGeometry x="1.5882352941176472" y="3.125" width="21.176470588235293" height="10" as="geometry"/></mxCell><mxCell id="4ZanfotDYA3hXkqkT3Ym-562" value="" style="rounded=1;whiteSpace=wrap;html=1;strokeWidth=1;fillColor=#F4EDFC;fontSize=12;strokeColor=#000000;" vertex="1" parent="4ZanfotDYA3hXkqkT3Ym-559"><mxGeometry y="6.25" width="21.176470588235293" height="10" as="geometry"/></mxCell><mxCell id="4ZanfotDYA3hXkqkT3Ym-563" value="" style="rounded=1;whiteSpace=wrap;html=1;strokeColor=#000000;strokeWidth=1;fillColor=#FFF2C5;fontSize=12;arcSize=0;" vertex="1" parent="4ZanfotDYA3hXkqkT3Ym-550"><mxGeometry x="4" y="3" width="16" height="6" as="geometry"/></mxCell><mxCell id="4ZanfotDYA3hXkqkT3Ym-569" value="" style="group" vertex="1" connectable="0" parent="1"><mxGeometry x="293.5000000000001" y="416" width="90" height="46" as="geometry"/></mxCell><mxCell id="4ZanfotDYA3hXkqkT3Ym-491" value="" style="group" vertex="1" connectable="0" parent="4ZanfotDYA3hXkqkT3Ym-569"><mxGeometry width="90" height="46" as="geometry"/></mxCell><mxCell id="400" value="" style="rounded=0;whiteSpace=wrap;html=1;fillColor=#E8F2FF;fontSize=12;strokeWidth=1;" parent="4ZanfotDYA3hXkqkT3Ym-491" vertex="1"><mxGeometry width="90" height="46" as="geometry"/></mxCell><mxCell id="442" value="" style="endArrow=none;html=1;strokeColor=#000000;strokeWidth=1;fontSize=11;entryX=0.5;entryY=1;exitX=0.5;exitY=0;exitDx=0;exitDy=0;entryDx=0;entryDy=0;" parent="4ZanfotDYA3hXkqkT3Ym-491" edge="1" target="4ZanfotDYA3hXkqkT3Ym-511" source="405"><mxGeometry width="50" height="50" relative="1" as="geometry"><mxPoint x="8.099999999999909" y="18.200000000000045" as="sourcePoint"/><mxPoint x="8.499999999999886" y="9" as="targetPoint"/></mxGeometry></mxCell><mxCell id="4ZanfotDYA3hXkqkT3Ym-481" value="" style="rounded=1;whiteSpace=wrap;html=1;strokeWidth=1;fillColor=#D5DAF5;fontSize=12;strokeColor=#000000;" vertex="1" parent="4ZanfotDYA3hXkqkT3Ym-491"><mxGeometry x="6.764705882352985" y="32" width="12.705882352941178" height="10" as="geometry"/></mxCell><mxCell id="4ZanfotDYA3hXkqkT3Ym-482" value="" style="endArrow=none;html=1;strokeColor=#000000;strokeWidth=1;fontSize=11;entryX=0;entryY=0.75;exitX=1;exitY=0.5;exitDx=0;exitDy=0;entryDx=0;entryDy=0;" edge="1" parent="4ZanfotDYA3hXkqkT3Ym-491" source="4ZanfotDYA3hXkqkT3Ym-481" target="404"><mxGeometry width="50" height="50" relative="1" as="geometry"><mxPoint x="27.499999999999886" y="33" as="sourcePoint"/><mxPoint x="33.249999999999886" y="33" as="targetPoint"/></mxGeometry></mxCell><mxCell id="404" value="" style="rounded=1;whiteSpace=wrap;html=1;strokeWidth=1;fillColor=#B5D3FF;fontSize=12;strokeColor=#000000;" parent="4ZanfotDYA3hXkqkT3Ym-491" vertex="1"><mxGeometry x="30" y="13" width="25" height="20" as="geometry"/></mxCell><mxCell id="405" value="" style="rounded=1;whiteSpace=wrap;html=1;strokeWidth=1;fillColor=#CCF0E2;fontSize=12;strokeColor=#000000;" parent="4ZanfotDYA3hXkqkT3Ym-491" vertex="1"><mxGeometry x="11.764705882352985" y="18" width="12.705882352941178" height="10" as="geometry"/></mxCell><mxCell id="406" value="" style="endArrow=none;html=1;strokeColor=#000000;strokeWidth=1;fontSize=11;entryX=0;entryY=0.5;exitX=1;exitY=0.5;" parent="4ZanfotDYA3hXkqkT3Ym-491" source="405" target="404" edge="1"><mxGeometry width="50" height="50" relative="1" as="geometry"><mxPoint x="7.411764705882376" y="344.25" as="sourcePoint"/><mxPoint x="33.88235294117652" y="313" as="targetPoint"/></mxGeometry></mxCell><mxCell id="407" value="" style="endArrow=none;html=1;strokeColor=#000000;strokeWidth=1;fontSize=11;exitX=1;exitY=0.5;entryX=0;entryY=0.5;" parent="4ZanfotDYA3hXkqkT3Ym-491" source="404" target="411" edge="1"><mxGeometry width="50" height="50" relative="1" as="geometry"><mxPoint x="102.70588235294122" y="281.75" as="sourcePoint"/><mxPoint x="129.17647058823536" y="250.5" as="targetPoint"/></mxGeometry></mxCell><mxCell id="408" value="" style="group" parent="4ZanfotDYA3hXkqkT3Ym-491" vertex="1" connectable="0"><mxGeometry x="60.35294117647061" y="11.75" width="24.88235294117647" height="16.25" as="geometry"/></mxCell><mxCell id="409" value="" style="rounded=1;whiteSpace=wrap;html=1;strokeWidth=1;fillColor=#F4EDFC;fontSize=12;strokeColor=#000000;" parent="408" vertex="1"><mxGeometry x="3.7058823529411766" width="21.176470588235293" height="10" as="geometry"/></mxCell><mxCell id="410" value="" style="rounded=1;whiteSpace=wrap;html=1;strokeWidth=1;fillColor=#F4EDFC;fontSize=12;strokeColor=#000000;" parent="408" vertex="1"><mxGeometry x="1.5882352941176472" y="3.125" width="21.176470588235293" height="10" as="geometry"/></mxCell><mxCell id="411" value="" style="rounded=1;whiteSpace=wrap;html=1;strokeWidth=1;fillColor=#F4EDFC;fontSize=12;strokeColor=#000000;" parent="408" vertex="1"><mxGeometry y="6.25" width="21.176470588235293" height="10" as="geometry"/></mxCell><mxCell id="4ZanfotDYA3hXkqkT3Ym-511" value="" style="rounded=1;whiteSpace=wrap;html=1;strokeColor=#000000;strokeWidth=1;fillColor=#FFF2C5;fontSize=12;arcSize=0;" vertex="1" parent="4ZanfotDYA3hXkqkT3Ym-491"><mxGeometry x="4" y="3" width="16" height="6" as="geometry"/></mxCell><mxCell id="4ZanfotDYA3hXkqkT3Ym-570" value="&lt;font style=&quot;font-size: 9px&quot;&gt;TCP&lt;/font&gt;&lt;div style=&quot;font-size: 9px&quot;&gt;&lt;font style=&quot;font-size: 9px&quot;&gt;5050&lt;/font&gt;&lt;/div&gt;" style="text;html=1;strokeColor=none;fillColor=none;align=center;verticalAlign=middle;whiteSpace=wrap;rounded=0;dashed=1;fontSize=9;rotation=0;" vertex="1" parent="1"><mxGeometry x="348.25" y="276.99999999999994" width="40" height="20" as="geometry"/></mxCell><mxCell id="4ZanfotDYA3hXkqkT3Ym-571" value="&lt;font style=&quot;font-size: 9px;&quot;&gt;TCP&lt;/font&gt;&lt;div style=&quot;font-size: 9px;&quot;&gt;&lt;font style=&quot;font-size: 9px;&quot;&gt;4004&lt;/font&gt;&lt;/div&gt;" style="text;html=1;strokeColor=none;fillColor=none;align=center;verticalAlign=middle;whiteSpace=wrap;rounded=0;dashed=1;fontSize=9;rotation=0;" vertex="1" parent="1"><mxGeometry x="527.7499999999999" y="241.4999999999999" width="40" height="20" as="geometry"/></mxCell></root></mxGraphModel>