<?xml version="1.0" encoding="UTF-8"?>
<mxGraphModel dx="999" dy="638" grid="1" gridSize="10" guides="1" tooltips="1" connect="1" arrows="1" fold="1" page="1" pageScale="1" pageWidth="850" pageHeight="1100" background="#ffffff" math="0" shadow="0"><root><mxCell id="0"/><mxCell id="1" parent="0"/><mxCell id="2" value="a" style="rounded=0;whiteSpace=wrap;html=1;fillColor=none;fontSize=12;strokeWidth=2;" parent="1" vertex="1"><mxGeometry x="135" y="121" width="595" height="239" as="geometry"/></mxCell><mxCell id="49" value="" style="rounded=0;whiteSpace=wrap;html=1;shadow=0;dashed=1;strokeColor=#000000;fillColor=none;fontSize=9;dashPattern=1 1;" parent="1" vertex="1"><mxGeometry x="121" y="90" width="625" height="280" as="geometry"/></mxCell><mxCell id="54" value="" style="rounded=0;whiteSpace=wrap;html=1;shadow=0;strokeColor=#808080;fillColor=none;fontSize=9;strokeWidth=2;dashed=1;" parent="1" vertex="1"><mxGeometry x="110" y="60" width="650" height="570" as="geometry"/></mxCell><mxCell id="34" value="" style="rounded=0;whiteSpace=wrap;html=1;shadow=0;dashed=1;strokeColor=#000000;fillColor=none;" parent="1" vertex="1"><mxGeometry x="382.22" y="177.70676691729324" width="157.78" height="117.29323308270676" as="geometry"/></mxCell><mxCell id="3" value="&lt;div style=&quot;text-align: left ; font-size: 13px&quot;&gt;&lt;span&gt;Sawtooth Node&lt;/span&gt;&lt;/div&gt;" style="text;html=1;strokeColor=none;fillColor=none;align=left;verticalAlign=middle;whiteSpace=wrap;rounded=0;fontSize=12;" parent="1" vertex="1"><mxGeometry x="134" y="95" width="142.34875444839855" height="30.730478589420652" as="geometry"/></mxCell><mxCell id="4" value="&lt;font style=&quot;font-size: 12px&quot;&gt;Client:&amp;nbsp;&lt;br&gt;&lt;/font&gt;Sawtooth CLI" style="rounded=1;whiteSpace=wrap;html=1;strokeColor=#000000;strokeWidth=1;fillColor=#FFF2C5;fontSize=12;" parent="1" vertex="1"><mxGeometry x="147" y="169.99999999999991" width="90" height="43" as="geometry"/></mxCell><mxCell id="5" value="" style="endArrow=none;html=1;strokeColor=#000000;strokeWidth=1;fontSize=12;entryX=0;entryY=0.25;exitX=1;exitY=0.5;" parent="1" source="4" target="6" edge="1"><mxGeometry width="50" height="50" relative="1" as="geometry"><mxPoint x="64.70462633451957" y="517.3979848866497" as="sourcePoint"/><mxPoint x="135.87900355871886" y="440.5717884130981" as="targetPoint"/></mxGeometry></mxCell><mxCell id="8" value="" style="group" parent="1" vertex="1" connectable="0"><mxGeometry x="386" y="179.99999999999986" width="150" height="111.00000000000004" as="geometry"/></mxCell><mxCell id="9" value="" style="rounded=1;whiteSpace=wrap;html=1;strokeWidth=1;fillColor=#B5D3FF;fontSize=12;strokeColor=#000000;" parent="8" vertex="1"><mxGeometry y="4.7369515717340014e-14" width="150" height="111" as="geometry"/></mxCell><mxCell id="10" value="&lt;font style=&quot;font-size: 14px&quot;&gt;Validator&lt;/font&gt;" style="text;html=1;strokeColor=none;fillColor=none;align=center;verticalAlign=middle;whiteSpace=wrap;rounded=0;fontSize=12;" parent="8" vertex="1"><mxGeometry x="33.26410526315783" y="44.901183137400885" width="83.47178947368421" height="21.197633725198358" as="geometry"/></mxCell><mxCell id="11" style="edgeStyle=orthogonalEdgeStyle;curved=1;jumpSize=3;html=1;exitX=0.25;exitY=0;entryX=0.25;entryY=0;jettySize=auto;orthogonalLoop=1;strokeColor=#000000;strokeWidth=1;fontSize=11;" parent="8" source="9" target="9" edge="1"><mxGeometry relative="1" as="geometry"/></mxCell><mxCell id="13" value="" style="endArrow=none;html=1;strokeColor=#000000;strokeWidth=1;fontSize=12;entryX=0;entryY=0.5;exitX=1;exitY=0.5;entryDx=0;entryDy=0;exitDx=0;exitDy=0;" parent="1" source="9" target="GCWhC_0DAUI1My7FWqgk-465" edge="1"><mxGeometry width="50" height="50" relative="1" as="geometry"><mxPoint x="582.1666666666667" y="252.33333333333334" as="sourcePoint"/><mxPoint x="597.8333333333335" y="211.33333333333337" as="targetPoint"/></mxGeometry></mxCell><mxCell id="17" value="" style="endArrow=none;html=1;strokeColor=#000000;strokeWidth=1;fontSize=11;exitX=1;exitY=0.5;entryX=0;entryY=0.5;entryDx=0;entryDy=0;exitDx=0;exitDy=0;" parent="1" source="9" target="GCWhC_0DAUI1My7FWqgk-462" edge="1"><mxGeometry width="50" height="50" relative="1" as="geometry"><mxPoint x="502" y="400.99999999999994" as="sourcePoint"/><mxPoint x="580" y="236" as="targetPoint"/></mxGeometry></mxCell><mxCell id="28" value="" style="group" parent="1" vertex="1" connectable="0"><mxGeometry x="141" y="149.5" width="100" height="66.5" as="geometry"/></mxCell><mxCell id="26" value="" style="rounded=0;whiteSpace=wrap;html=1;shadow=0;dashed=1;strokeColor=#000000;fillColor=none;" parent="28" vertex="1"><mxGeometry x="2" y="16.5" width="98" height="50" as="geometry"/></mxCell><mxCell id="27" value="&lt;font style=&quot;font-size: 9px&quot;&gt;Container&lt;/font&gt;" style="text;html=1;strokeColor=none;fillColor=none;align=center;verticalAlign=middle;whiteSpace=wrap;rounded=0;shadow=1;dashed=1;spacing=0;" parent="28" vertex="1"><mxGeometry width="40" height="19" as="geometry"/></mxCell><mxCell id="50" value="&lt;font style=&quot;font-size: 13px&quot;&gt;Sawtooth Pod 0&lt;/font&gt;" style="text;html=1;strokeColor=none;fillColor=none;align=center;verticalAlign=middle;whiteSpace=wrap;rounded=0;shadow=0;dashed=1;fontSize=9;fontColor=#4D4D4D;" parent="1" vertex="1"><mxGeometry x="117" y="69" width="100" height="20" as="geometry"/></mxCell><mxCell id="55" value="&lt;font style=&quot;font-size: 14px&quot;&gt;Kubernetes Cluster&lt;/font&gt;" style="text;html=1;strokeColor=none;fillColor=none;align=center;verticalAlign=middle;whiteSpace=wrap;rounded=0;shadow=0;fontSize=9;fontColor=#000000;" parent="1" vertex="1"><mxGeometry x="106" y="37" width="130" height="20" as="geometry"/></mxCell><mxCell id="101" value="&lt;font style=&quot;font-size: 9px;&quot;&gt;TCP&lt;/font&gt;&lt;div style=&quot;font-size: 9px;&quot;&gt;&lt;font style=&quot;font-size: 9px;&quot;&gt;4004&lt;/font&gt;&lt;/div&gt;" style="text;html=1;strokeColor=none;fillColor=none;align=center;verticalAlign=middle;whiteSpace=wrap;rounded=0;dashed=1;fontSize=9;rotation=0;" parent="1" vertex="1"><mxGeometry x="347" y="225.4999999999999" width="40" height="20" as="geometry"/></mxCell><mxCell id="102" value="&lt;font style=&quot;font-size: 9px&quot;&gt;TCP&lt;/font&gt;&lt;div style=&quot;font-size: 9px&quot;&gt;&lt;font style=&quot;font-size: 9px&quot;&gt;8008&lt;/font&gt;&lt;/div&gt;" style="text;html=1;strokeColor=none;fillColor=none;align=center;verticalAlign=middle;whiteSpace=wrap;rounded=0;dashed=1;fontSize=9;rotation=0;" parent="1" vertex="1"><mxGeometry x="224" y="224.4999999999999" width="40" height="20" as="geometry"/></mxCell><mxCell id="35" value="&lt;font style=&quot;font-size: 9px&quot;&gt;Container&lt;/font&gt;" style="text;html=1;strokeColor=none;fillColor=none;align=center;verticalAlign=middle;whiteSpace=wrap;rounded=0;shadow=1;dashed=1;spacing=0;" parent="1" vertex="1"><mxGeometry x="369.77777777777777" y="146.2" width="64.4" height="44.57142857142856" as="geometry"/></mxCell><mxCell id="107" value="" style="endArrow=none;html=1;fontSize=9;fontColor=#4D4D4D;entryX=0;entryY=0.5;exitX=1;exitY=0.5;" parent="1" source="6" target="9" edge="1"><mxGeometry width="50" height="50" relative="1" as="geometry"><mxPoint x="330" y="300" as="sourcePoint"/><mxPoint x="320" y="310" as="targetPoint"/></mxGeometry></mxCell><mxCell id="108" value="" style="group" parent="1" vertex="1" connectable="0"><mxGeometry x="257" y="194.99999999999997" width="88" height="62.68656716417911" as="geometry"/></mxCell><mxCell id="30" value="" style="rounded=0;whiteSpace=wrap;html=1;shadow=0;dashed=1;strokeColor=#000000;fillColor=none;" parent="108" vertex="1"><mxGeometry y="17.761194029850742" width="88" height="44.92537313432835" as="geometry"/></mxCell><mxCell id="6" value="&lt;font style=&quot;font-size: 12px&quot;&gt;REST API&lt;/font&gt;" style="rounded=1;whiteSpace=wrap;html=1;strokeWidth=1;fillColor=#CCF0E2;fontSize=12;strokeColor=#000000;" parent="108" vertex="1"><mxGeometry x="5" y="21.9999999999998" width="78" height="37" as="geometry"/></mxCell><mxCell id="31" value="&lt;font style=&quot;font-size: 9px&quot;&gt;Container&lt;/font&gt;" style="text;html=1;strokeColor=none;fillColor=none;align=center;verticalAlign=middle;whiteSpace=wrap;rounded=0;shadow=1;dashed=1;spacing=0;" parent="108" vertex="1"><mxGeometry x="3" width="37.2" height="19.850746268656714" as="geometry"/></mxCell><mxCell id="329" value="" style="endArrow=none;html=1;fontSize=10;entryX=1;entryY=0.5;exitX=0;exitY=0.5;exitDx=0;exitDy=0;entryDx=0;entryDy=0;" parent="1" source="16" target="9" edge="1"><mxGeometry width="50" height="50" relative="1" as="geometry"><mxPoint x="595.3333333333335" y="268.83333333333337" as="sourcePoint"/><mxPoint x="260" y="720" as="targetPoint"/></mxGeometry></mxCell><mxCell id="274" value="&lt;font style=&quot;font-size: 12px&quot;&gt;Sawtooth Pod 1&lt;/font&gt;" style="text;html=1;strokeColor=none;fillColor=none;align=center;verticalAlign=middle;whiteSpace=wrap;rounded=0;shadow=0;dashed=1;fontSize=9;fontColor=#4D4D4D;" parent="1" vertex="1"><mxGeometry x="283.3888888888889" y="483.0714285714285" width="96.29629629629629" height="7.857142857142858" as="geometry"/></mxCell><mxCell id="363" value="&lt;font style=&quot;font-size: 12px&quot;&gt;Sawtooth Pod &amp;nbsp;3&lt;/font&gt;" style="text;html=1;strokeColor=none;fillColor=none;align=center;verticalAlign=middle;whiteSpace=wrap;rounded=0;shadow=0;dashed=1;fontSize=9;fontColor=#4D4D4D;" parent="1" vertex="1"><mxGeometry x="340.8888888888889" y="588.0714285714284" width="96.29629629629629" height="7.857142857142858" as="geometry"/></mxCell><mxCell id="366" value="&lt;font style=&quot;font-size: 12px&quot;&gt;Sawtooth Pod 2&lt;/font&gt;" style="text;html=1;strokeColor=none;fillColor=none;align=center;verticalAlign=middle;whiteSpace=wrap;rounded=0;shadow=0;dashed=1;fontSize=9;fontColor=#4D4D4D;" parent="1" vertex="1"><mxGeometry x="539.8888888888889" y="481.0714285714285" width="96.29629629629629" height="7.857142857142858" as="geometry"/></mxCell><mxCell id="367" value="&lt;font style=&quot;font-size: 12px&quot;&gt;Sawtooth Pod 4&lt;/font&gt;" style="text;html=1;strokeColor=none;fillColor=none;align=center;verticalAlign=middle;whiteSpace=wrap;rounded=0;shadow=0;dashed=1;fontSize=9;fontColor=#4D4D4D;" parent="1" vertex="1"><mxGeometry x="483.8888888888889" y="588.0714285714286" width="96.29629629629629" height="7.857142857142858" as="geometry"/></mxCell><mxCell id="398" value="" style="endArrow=none;html=1;strokeColor=#000000;strokeWidth=1;fontSize=12;" parent="1" edge="1"><mxGeometry width="50" height="50" relative="1" as="geometry"><mxPoint x="441" y="553" as="sourcePoint"/><mxPoint x="477" y="553" as="targetPoint"/></mxGeometry></mxCell><mxCell id="399" value="" style="group;fillColor=#ffffff;" parent="1" vertex="1" connectable="0"><mxGeometry x="293.5000000000001" y="428" width="90" height="50" as="geometry"/></mxCell><mxCell id="401" value="" style="endArrow=none;html=1;strokeWidth=1;fontSize=12;exitX=0.5;exitY=0;strokeColor=#000000;entryX=1;entryY=0.5;" parent="1" edge="1"><mxGeometry width="50" height="50" relative="1" as="geometry"><mxPoint x="522.551724137931" y="532.0689655172414" as="sourcePoint"/><mxPoint x="383.58620689655174" y="448.9655172413793" as="targetPoint"/></mxGeometry></mxCell><mxCell id="402" value="" style="endArrow=none;html=1;strokeWidth=1;fontSize=12;exitX=0.5;exitY=0;strokeColor=#000000;" parent="1" edge="1"><mxGeometry width="50" height="50" relative="1" as="geometry"><mxPoint x="396.5" y="532" as="sourcePoint"/><mxPoint x="384" y="449" as="targetPoint"/></mxGeometry></mxCell><mxCell id="412" value="" style="endArrow=none;html=1;strokeWidth=1;fontSize=12;entryX=0;entryY=0.5;strokeColor=#000000;exitX=1;exitY=0.5;" parent="1" edge="1"><mxGeometry width="50" height="50" relative="1" as="geometry"><mxPoint x="383.58620689655174" y="448.9655172413793" as="sourcePoint"/><mxPoint x="535.6551724137931" y="448.9655172413793" as="targetPoint"/></mxGeometry></mxCell><mxCell id="413" value="" style="group;fillColor=#ffffff;" parent="1" vertex="1" connectable="0"><mxGeometry x="538.5" y="426" width="90" height="50" as="geometry"/></mxCell><mxCell id="415" value="" style="endArrow=none;html=1;strokeWidth=1;fontSize=12;exitX=0.5;exitY=0;strokeColor=#000000;" parent="1" edge="1"><mxGeometry width="50" height="50" relative="1" as="geometry"><mxPoint x="522.551724137931" y="532.0689655172414" as="sourcePoint"/><mxPoint x="536" y="449" as="targetPoint"/></mxGeometry></mxCell><mxCell id="425" value="" style="endArrow=none;html=1;strokeWidth=1;fontSize=12;exitX=0.5;exitY=0;entryX=0;entryY=0.5;strokeColor=#000000;" parent="1" edge="1"><mxGeometry width="50" height="50" relative="1" as="geometry"><mxPoint x="396.5" y="532" as="sourcePoint"/><mxPoint x="535.6551724137931" y="448.9655172413793" as="targetPoint"/></mxGeometry></mxCell><mxCell id="427" value="" style="endArrow=none;html=1;strokeWidth=1;fontSize=12;entryX=0.5;entryY=1;strokeColor=#000000;exitX=0.5;exitY=0;" parent="1" target="9" edge="1"><mxGeometry width="50" height="50" relative="1" as="geometry"><mxPoint x="338.41379310344826" y="425.8620689655172" as="sourcePoint"/><mxPoint x="497" y="313" as="targetPoint"/></mxGeometry></mxCell><mxCell id="428" value="" style="endArrow=none;html=1;strokeWidth=1;fontSize=12;entryX=0.5;entryY=1;exitX=0.5;exitY=0;strokeColor=#000000;" parent="1" target="9" edge="1"><mxGeometry width="50" height="50" relative="1" as="geometry"><mxPoint x="580.4827586206897" y="425.8620689655172" as="sourcePoint"/><mxPoint x="497" y="313" as="targetPoint"/></mxGeometry></mxCell><mxCell id="429" value="" style="endArrow=none;html=1;strokeWidth=1;fontSize=12;entryX=0.5;entryY=1;exitX=0.5;exitY=0;strokeColor=#000000;" parent="1" target="9" edge="1"><mxGeometry width="50" height="50" relative="1" as="geometry"><mxPoint x="396.5" y="532" as="sourcePoint"/><mxPoint x="497" y="313" as="targetPoint"/></mxGeometry></mxCell><mxCell id="430" value="" style="endArrow=none;html=1;strokeWidth=1;fontSize=12;entryX=0.5;entryY=1;exitX=0.5;exitY=0;strokeColor=#000000;" parent="1" target="9" edge="1"><mxGeometry width="50" height="50" relative="1" as="geometry"><mxPoint x="522.551724137931" y="532.0689655172414" as="sourcePoint"/><mxPoint x="497" y="313" as="targetPoint"/></mxGeometry></mxCell><mxCell id="373" value="&lt;div style=&quot;text-align: left ; font-size: 14px&quot;&gt;&lt;div style=&quot;text-align: center&quot;&gt;&lt;font style=&quot;font-size: 14px&quot;&gt;Sawtooth&lt;/font&gt;&amp;nbsp;Network&lt;/div&gt;&lt;/div&gt;" style="text;html=1;strokeColor=none;fillColor=#ffffff;align=center;verticalAlign=middle;whiteSpace=wrap;rounded=0;fontSize=12;" parent="1" vertex="1"><mxGeometry x="401.0000000000001" y="393" width="120" height="17" as="geometry"/></mxCell><mxCell id="351" style="edgeStyle=orthogonalEdgeStyle;rounded=0;html=1;exitX=0.25;exitY=1;entryX=0.25;entryY=1;endArrow=none;endFill=0;jettySize=auto;orthogonalLoop=1;strokeColor=#0000CC;fontSize=10;" parent="1" source="150" target="150" edge="1"><mxGeometry relative="1" as="geometry"/></mxCell><mxCell id="150" value="&lt;font style=&quot;font-size: 9px&quot;&gt;TCP&lt;/font&gt;&lt;div style=&quot;font-size: 9px&quot;&gt;&lt;font style=&quot;font-size: 9px&quot;&gt;8800&lt;/font&gt;&lt;/div&gt;" style="text;html=1;strokeColor=none;fillColor=none;align=center;verticalAlign=middle;whiteSpace=wrap;rounded=0;dashed=1;fontSize=9;rotation=0;" parent="1" vertex="1"><mxGeometry x="441" y="329.9999999999999" width="40" height="20" as="geometry"/></mxCell><mxCell id="GCWhC_0DAUI1My7FWqgk-469" value="" style="group" vertex="1" connectable="0" parent="1"><mxGeometry x="573" y="183.12899786780383" width="150" height="81.87100213219605" as="geometry"/></mxCell><mxCell id="40" value="&lt;font style=&quot;font-size: 9px&quot;&gt;Containers&lt;/font&gt;" style="text;html=1;strokeColor=none;fillColor=none;align=center;verticalAlign=middle;whiteSpace=wrap;rounded=0;shadow=1;dashed=1;spacing=0;" parent="GCWhC_0DAUI1My7FWqgk-469" vertex="1"><mxGeometry x="16.800000000000068" width="53.199999999999996" height="21.142857142857142" as="geometry"/></mxCell><mxCell id="GCWhC_0DAUI1My7FWqgk-463" value="" style="group" vertex="1" connectable="0" parent="GCWhC_0DAUI1My7FWqgk-469"><mxGeometry x="20" y="18.871002132196054" width="130" height="43" as="geometry"/></mxCell><mxCell id="GCWhC_0DAUI1My7FWqgk-464" value="" style="rounded=0;whiteSpace=wrap;html=1;shadow=0;dashed=1;strokeColor=#000000;fillColor=none;" vertex="1" parent="GCWhC_0DAUI1My7FWqgk-463"><mxGeometry width="130" height="43" as="geometry"/></mxCell><mxCell id="GCWhC_0DAUI1My7FWqgk-465" value="&lt;div style=&quot;font-size: 11px&quot;&gt;&lt;br&gt;&lt;/div&gt;" style="rounded=1;whiteSpace=wrap;html=1;strokeWidth=1;fillColor=#F4EDFC;fontSize=12;strokeColor=#000000;" vertex="1" parent="GCWhC_0DAUI1My7FWqgk-463"><mxGeometry x="5" y="4.000000000000057" width="120" height="35" as="geometry"/></mxCell><mxCell id="GCWhC_0DAUI1My7FWqgk-460" value="" style="group" vertex="1" connectable="0" parent="GCWhC_0DAUI1My7FWqgk-469"><mxGeometry x="7" y="28.87100213219611" width="133" height="47" as="geometry"/></mxCell><mxCell id="GCWhC_0DAUI1My7FWqgk-461" value="" style="rounded=0;whiteSpace=wrap;html=1;shadow=0;dashed=1;strokeColor=#000000;fillColor=none;" vertex="1" parent="GCWhC_0DAUI1My7FWqgk-460"><mxGeometry width="133" height="47" as="geometry"/></mxCell><mxCell id="GCWhC_0DAUI1My7FWqgk-462" value="&lt;div style=&quot;font-size: 11px&quot;&gt;&lt;br&gt;&lt;/div&gt;" style="rounded=1;whiteSpace=wrap;html=1;strokeWidth=1;fillColor=#F4EDFC;fontSize=12;strokeColor=#000000;" vertex="1" parent="GCWhC_0DAUI1My7FWqgk-460"><mxGeometry x="5.115384615384615" y="4.372093023255876" width="122.76923076923076" height="38.25581395348837" as="geometry"/></mxCell><mxCell id="GCWhC_0DAUI1My7FWqgk-459" value="" style="group" vertex="1" connectable="0" parent="GCWhC_0DAUI1My7FWqgk-469"><mxGeometry y="38.871002132196054" width="130" height="43" as="geometry"/></mxCell><mxCell id="39" value="" style="rounded=0;whiteSpace=wrap;html=1;shadow=0;dashed=1;strokeColor=#000000;fillColor=none;" parent="GCWhC_0DAUI1My7FWqgk-459" vertex="1"><mxGeometry width="130" height="43" as="geometry"/></mxCell><mxCell id="16" value="&lt;div&gt;&lt;font style=&quot;font-size: 12px&quot;&gt;Transaction Processors&lt;/font&gt;&lt;/div&gt;" style="rounded=1;whiteSpace=wrap;html=1;strokeWidth=1;fillColor=#F4EDFC;fontSize=12;strokeColor=#000000;" parent="GCWhC_0DAUI1My7FWqgk-459" vertex="1"><mxGeometry x="5" y="4.000000000000057" width="120" height="35" as="geometry"/></mxCell><mxCell id="GCWhC_0DAUI1My7FWqgk-475" value="" style="endArrow=none;html=1;entryX=0;entryY=0.75;entryDx=0;entryDy=0;exitX=1;exitY=0.5;exitDx=0;exitDy=0;" edge="1" parent="1" source="GCWhC_0DAUI1My7FWqgk-455" target="9"><mxGeometry width="50" height="50" relative="1" as="geometry"><mxPoint x="331.5" y="304" as="sourcePoint"/><mxPoint x="381.5" y="254" as="targetPoint"/></mxGeometry></mxCell><mxCell id="GCWhC_0DAUI1My7FWqgk-476" value="" style="group" vertex="1" connectable="0" parent="1"><mxGeometry x="202" y="276" width="88" height="62.68656716417911" as="geometry"/></mxCell><mxCell id="GCWhC_0DAUI1My7FWqgk-453" value="" style="group;fillColor=#ffffff;" vertex="1" connectable="0" parent="GCWhC_0DAUI1My7FWqgk-476"><mxGeometry width="88" height="62.68656716417911" as="geometry"/></mxCell><mxCell id="GCWhC_0DAUI1My7FWqgk-454" value="" style="rounded=0;whiteSpace=wrap;html=1;shadow=0;dashed=1;strokeColor=#000000;fillColor=none;" vertex="1" parent="GCWhC_0DAUI1My7FWqgk-476"><mxGeometry y="17.761194029850742" width="88" height="44.92537313432835" as="geometry"/></mxCell><mxCell id="GCWhC_0DAUI1My7FWqgk-455" value="&lt;font style=&quot;font-size: 12px&quot;&gt;Consensus Engine&lt;/font&gt;" style="rounded=1;whiteSpace=wrap;html=1;strokeWidth=1;fillColor=#D5DAF5;fontSize=12;strokeColor=#000000;" vertex="1" parent="GCWhC_0DAUI1My7FWqgk-476"><mxGeometry x="5" y="21.999999999999773" width="78" height="37" as="geometry"/></mxCell><mxCell id="GCWhC_0DAUI1My7FWqgk-456" value="&lt;font style=&quot;font-size: 9px&quot;&gt;Container&lt;/font&gt;" style="text;html=1;strokeColor=none;fillColor=none;align=center;verticalAlign=middle;whiteSpace=wrap;rounded=0;shadow=1;dashed=1;spacing=0;" vertex="1" parent="GCWhC_0DAUI1My7FWqgk-476"><mxGeometry x="3" width="37.2" height="19.850746268656714" as="geometry"/></mxCell><mxCell id="GCWhC_0DAUI1My7FWqgk-504" value="" style="group" vertex="1" connectable="0" parent="1"><mxGeometry x="345.2647058823531" y="524.25" width="101" height="60" as="geometry"/></mxCell><mxCell id="GCWhC_0DAUI1My7FWqgk-505" value="" style="group" vertex="1" connectable="0" parent="GCWhC_0DAUI1My7FWqgk-504"><mxGeometry x="5.500000000000057" y="7" width="90" height="46" as="geometry"/></mxCell><mxCell id="GCWhC_0DAUI1My7FWqgk-506" value="" style="group" vertex="1" connectable="0" parent="GCWhC_0DAUI1My7FWqgk-505"><mxGeometry width="90" height="46" as="geometry"/></mxCell><mxCell id="GCWhC_0DAUI1My7FWqgk-507" value="" style="rounded=0;whiteSpace=wrap;html=1;fillColor=#E8F2FF;fontSize=12;strokeWidth=1;" vertex="1" parent="GCWhC_0DAUI1My7FWqgk-506"><mxGeometry width="90" height="46" as="geometry"/></mxCell><mxCell id="GCWhC_0DAUI1My7FWqgk-508" value="" style="endArrow=none;html=1;strokeColor=#000000;strokeWidth=1;fontSize=11;entryX=0.5;entryY=1;exitX=0.5;exitY=0;exitDx=0;exitDy=0;entryDx=0;entryDy=0;" edge="1" parent="GCWhC_0DAUI1My7FWqgk-506" source="GCWhC_0DAUI1My7FWqgk-512" target="GCWhC_0DAUI1My7FWqgk-519"><mxGeometry width="50" height="50" relative="1" as="geometry"><mxPoint x="8.099999999999909" y="18.200000000000045" as="sourcePoint"/><mxPoint x="8.499999999999886" y="9" as="targetPoint"/></mxGeometry></mxCell><mxCell id="GCWhC_0DAUI1My7FWqgk-509" value="" style="rounded=1;whiteSpace=wrap;html=1;strokeWidth=1;fillColor=#D5DAF5;fontSize=12;strokeColor=#000000;" vertex="1" parent="GCWhC_0DAUI1My7FWqgk-506"><mxGeometry x="6.764705882352985" y="32" width="12.705882352941178" height="10" as="geometry"/></mxCell><mxCell id="GCWhC_0DAUI1My7FWqgk-510" value="" style="endArrow=none;html=1;strokeColor=#000000;strokeWidth=1;fontSize=11;entryX=0;entryY=0.75;exitX=1;exitY=0.5;exitDx=0;exitDy=0;entryDx=0;entryDy=0;" edge="1" parent="GCWhC_0DAUI1My7FWqgk-506" source="GCWhC_0DAUI1My7FWqgk-509" target="GCWhC_0DAUI1My7FWqgk-511"><mxGeometry width="50" height="50" relative="1" as="geometry"><mxPoint x="27.499999999999886" y="33" as="sourcePoint"/><mxPoint x="33.249999999999886" y="33" as="targetPoint"/></mxGeometry></mxCell><mxCell id="GCWhC_0DAUI1My7FWqgk-511" value="" style="rounded=1;whiteSpace=wrap;html=1;strokeWidth=1;fillColor=#B5D3FF;fontSize=12;strokeColor=#000000;" vertex="1" parent="GCWhC_0DAUI1My7FWqgk-506"><mxGeometry x="30" y="13" width="25" height="20" as="geometry"/></mxCell><mxCell id="GCWhC_0DAUI1My7FWqgk-512" value="" style="rounded=1;whiteSpace=wrap;html=1;strokeWidth=1;fillColor=#CCF0E2;fontSize=12;strokeColor=#000000;" vertex="1" parent="GCWhC_0DAUI1My7FWqgk-506"><mxGeometry x="11.764705882352985" y="18" width="12.705882352941178" height="10" as="geometry"/></mxCell><mxCell id="GCWhC_0DAUI1My7FWqgk-513" value="" style="endArrow=none;html=1;strokeColor=#000000;strokeWidth=1;fontSize=11;entryX=0;entryY=0.5;exitX=1;exitY=0.5;" edge="1" parent="GCWhC_0DAUI1My7FWqgk-506" source="GCWhC_0DAUI1My7FWqgk-512" target="GCWhC_0DAUI1My7FWqgk-511"><mxGeometry width="50" height="50" relative="1" as="geometry"><mxPoint x="7.411764705882376" y="344.25" as="sourcePoint"/><mxPoint x="33.88235294117652" y="313" as="targetPoint"/></mxGeometry></mxCell><mxCell id="GCWhC_0DAUI1My7FWqgk-514" value="" style="endArrow=none;html=1;strokeColor=#000000;strokeWidth=1;fontSize=11;exitX=1;exitY=0.5;entryX=0;entryY=0.5;" edge="1" parent="GCWhC_0DAUI1My7FWqgk-506" source="GCWhC_0DAUI1My7FWqgk-511" target="GCWhC_0DAUI1My7FWqgk-518"><mxGeometry width="50" height="50" relative="1" as="geometry"><mxPoint x="102.70588235294122" y="281.75" as="sourcePoint"/><mxPoint x="129.17647058823536" y="250.5" as="targetPoint"/></mxGeometry></mxCell><mxCell id="GCWhC_0DAUI1My7FWqgk-515" value="" style="group" vertex="1" connectable="0" parent="GCWhC_0DAUI1My7FWqgk-506"><mxGeometry x="60.35294117647061" y="11.75" width="24.88235294117647" height="16.25" as="geometry"/></mxCell><mxCell id="GCWhC_0DAUI1My7FWqgk-516" value="" style="rounded=1;whiteSpace=wrap;html=1;strokeWidth=1;fillColor=#F4EDFC;fontSize=12;strokeColor=#000000;" vertex="1" parent="GCWhC_0DAUI1My7FWqgk-515"><mxGeometry x="3.7058823529411766" width="21.176470588235293" height="10" as="geometry"/></mxCell><mxCell id="GCWhC_0DAUI1My7FWqgk-517" value="" style="rounded=1;whiteSpace=wrap;html=1;strokeWidth=1;fillColor=#F4EDFC;fontSize=12;strokeColor=#000000;" vertex="1" parent="GCWhC_0DAUI1My7FWqgk-515"><mxGeometry x="1.5882352941176472" y="3.125" width="21.176470588235293" height="10" as="geometry"/></mxCell><mxCell id="GCWhC_0DAUI1My7FWqgk-518" value="" style="rounded=1;whiteSpace=wrap;html=1;strokeWidth=1;fillColor=#F4EDFC;fontSize=12;strokeColor=#000000;" vertex="1" parent="GCWhC_0DAUI1My7FWqgk-515"><mxGeometry y="6.25" width="21.176470588235293" height="10" as="geometry"/></mxCell><mxCell id="GCWhC_0DAUI1My7FWqgk-519" value="" style="rounded=1;whiteSpace=wrap;html=1;strokeColor=#000000;strokeWidth=1;fillColor=#FFF2C5;fontSize=12;arcSize=0;" vertex="1" parent="GCWhC_0DAUI1My7FWqgk-506"><mxGeometry x="4" y="3" width="16" height="6" as="geometry"/></mxCell><mxCell id="GCWhC_0DAUI1My7FWqgk-520" value="" style="rounded=0;whiteSpace=wrap;html=1;shadow=0;dashed=1;strokeColor=#000000;fillColor=none;fontSize=9;dashPattern=1 1;" vertex="1" parent="GCWhC_0DAUI1My7FWqgk-504"><mxGeometry width="101" height="60" as="geometry"/></mxCell><mxCell id="GCWhC_0DAUI1My7FWqgk-522" value="" style="group" vertex="1" connectable="0" parent="1"><mxGeometry x="471.76470588235316" y="524.25" width="101" height="60" as="geometry"/></mxCell><mxCell id="GCWhC_0DAUI1My7FWqgk-523" value="" style="group" vertex="1" connectable="0" parent="GCWhC_0DAUI1My7FWqgk-522"><mxGeometry x="5.500000000000057" y="7" width="90" height="46" as="geometry"/></mxCell><mxCell id="GCWhC_0DAUI1My7FWqgk-524" value="" style="group" vertex="1" connectable="0" parent="GCWhC_0DAUI1My7FWqgk-523"><mxGeometry width="90" height="46" as="geometry"/></mxCell><mxCell id="GCWhC_0DAUI1My7FWqgk-525" value="" style="rounded=0;whiteSpace=wrap;html=1;fillColor=#E8F2FF;fontSize=12;strokeWidth=1;" vertex="1" parent="GCWhC_0DAUI1My7FWqgk-524"><mxGeometry width="90" height="46" as="geometry"/></mxCell><mxCell id="GCWhC_0DAUI1My7FWqgk-526" value="" style="endArrow=none;html=1;strokeColor=#000000;strokeWidth=1;fontSize=11;entryX=0.5;entryY=1;exitX=0.5;exitY=0;exitDx=0;exitDy=0;entryDx=0;entryDy=0;" edge="1" parent="GCWhC_0DAUI1My7FWqgk-524" source="GCWhC_0DAUI1My7FWqgk-530" target="GCWhC_0DAUI1My7FWqgk-537"><mxGeometry width="50" height="50" relative="1" as="geometry"><mxPoint x="8.099999999999909" y="18.200000000000045" as="sourcePoint"/><mxPoint x="8.499999999999886" y="9" as="targetPoint"/></mxGeometry></mxCell><mxCell id="GCWhC_0DAUI1My7FWqgk-527" value="" style="rounded=1;whiteSpace=wrap;html=1;strokeWidth=1;fillColor=#D5DAF5;fontSize=12;strokeColor=#000000;" vertex="1" parent="GCWhC_0DAUI1My7FWqgk-524"><mxGeometry x="6.764705882352985" y="32" width="12.705882352941178" height="10" as="geometry"/></mxCell><mxCell id="GCWhC_0DAUI1My7FWqgk-528" value="" style="endArrow=none;html=1;strokeColor=#000000;strokeWidth=1;fontSize=11;entryX=0;entryY=0.75;exitX=1;exitY=0.5;exitDx=0;exitDy=0;entryDx=0;entryDy=0;" edge="1" parent="GCWhC_0DAUI1My7FWqgk-524" source="GCWhC_0DAUI1My7FWqgk-527" target="GCWhC_0DAUI1My7FWqgk-529"><mxGeometry width="50" height="50" relative="1" as="geometry"><mxPoint x="27.499999999999886" y="33" as="sourcePoint"/><mxPoint x="33.249999999999886" y="33" as="targetPoint"/></mxGeometry></mxCell><mxCell id="GCWhC_0DAUI1My7FWqgk-529" value="" style="rounded=1;whiteSpace=wrap;html=1;strokeWidth=1;fillColor=#B5D3FF;fontSize=12;strokeColor=#000000;" vertex="1" parent="GCWhC_0DAUI1My7FWqgk-524"><mxGeometry x="30" y="13" width="25" height="20" as="geometry"/></mxCell><mxCell id="GCWhC_0DAUI1My7FWqgk-530" value="" style="rounded=1;whiteSpace=wrap;html=1;strokeWidth=1;fillColor=#CCF0E2;fontSize=12;strokeColor=#000000;" vertex="1" parent="GCWhC_0DAUI1My7FWqgk-524"><mxGeometry x="11.764705882352985" y="18" width="12.705882352941178" height="10" as="geometry"/></mxCell><mxCell id="GCWhC_0DAUI1My7FWqgk-531" value="" style="endArrow=none;html=1;strokeColor=#000000;strokeWidth=1;fontSize=11;entryX=0;entryY=0.5;exitX=1;exitY=0.5;" edge="1" parent="GCWhC_0DAUI1My7FWqgk-524" source="GCWhC_0DAUI1My7FWqgk-530" target="GCWhC_0DAUI1My7FWqgk-529"><mxGeometry width="50" height="50" relative="1" as="geometry"><mxPoint x="7.411764705882376" y="344.25" as="sourcePoint"/><mxPoint x="33.88235294117652" y="313" as="targetPoint"/></mxGeometry></mxCell><mxCell id="GCWhC_0DAUI1My7FWqgk-532" value="" style="endArrow=none;html=1;strokeColor=#000000;strokeWidth=1;fontSize=11;exitX=1;exitY=0.5;entryX=0;entryY=0.5;" edge="1" parent="GCWhC_0DAUI1My7FWqgk-524" source="GCWhC_0DAUI1My7FWqgk-529" target="GCWhC_0DAUI1My7FWqgk-536"><mxGeometry width="50" height="50" relative="1" as="geometry"><mxPoint x="102.70588235294122" y="281.75" as="sourcePoint"/><mxPoint x="129.17647058823536" y="250.5" as="targetPoint"/></mxGeometry></mxCell><mxCell id="GCWhC_0DAUI1My7FWqgk-533" value="" style="group" vertex="1" connectable="0" parent="GCWhC_0DAUI1My7FWqgk-524"><mxGeometry x="60.35294117647061" y="11.75" width="24.88235294117647" height="16.25" as="geometry"/></mxCell><mxCell id="GCWhC_0DAUI1My7FWqgk-534" value="" style="rounded=1;whiteSpace=wrap;html=1;strokeWidth=1;fillColor=#F4EDFC;fontSize=12;strokeColor=#000000;" vertex="1" parent="GCWhC_0DAUI1My7FWqgk-533"><mxGeometry x="3.7058823529411766" width="21.176470588235293" height="10" as="geometry"/></mxCell><mxCell id="GCWhC_0DAUI1My7FWqgk-535" value="" style="rounded=1;whiteSpace=wrap;html=1;strokeWidth=1;fillColor=#F4EDFC;fontSize=12;strokeColor=#000000;" vertex="1" parent="GCWhC_0DAUI1My7FWqgk-533"><mxGeometry x="1.5882352941176472" y="3.125" width="21.176470588235293" height="10" as="geometry"/></mxCell><mxCell id="GCWhC_0DAUI1My7FWqgk-536" value="" style="rounded=1;whiteSpace=wrap;html=1;strokeWidth=1;fillColor=#F4EDFC;fontSize=12;strokeColor=#000000;" vertex="1" parent="GCWhC_0DAUI1My7FWqgk-533"><mxGeometry y="6.25" width="21.176470588235293" height="10" as="geometry"/></mxCell><mxCell id="GCWhC_0DAUI1My7FWqgk-537" value="" style="rounded=1;whiteSpace=wrap;html=1;strokeColor=#000000;strokeWidth=1;fillColor=#FFF2C5;fontSize=12;arcSize=0;" vertex="1" parent="GCWhC_0DAUI1My7FWqgk-524"><mxGeometry x="4" y="3" width="16" height="6" as="geometry"/></mxCell><mxCell id="GCWhC_0DAUI1My7FWqgk-538" value="" style="rounded=0;whiteSpace=wrap;html=1;shadow=0;dashed=1;strokeColor=#000000;fillColor=none;fontSize=9;dashPattern=1 1;" vertex="1" parent="GCWhC_0DAUI1My7FWqgk-522"><mxGeometry width="101" height="60" as="geometry"/></mxCell><mxCell id="GCWhC_0DAUI1My7FWqgk-539" value="" style="group" vertex="1" connectable="0" parent="1"><mxGeometry x="529.764705882353" y="417.75" width="101" height="60" as="geometry"/></mxCell><mxCell id="GCWhC_0DAUI1My7FWqgk-540" value="" style="group" vertex="1" connectable="0" parent="GCWhC_0DAUI1My7FWqgk-539"><mxGeometry x="5.500000000000057" y="7" width="90" height="46" as="geometry"/></mxCell><mxCell id="GCWhC_0DAUI1My7FWqgk-541" value="" style="group" vertex="1" connectable="0" parent="GCWhC_0DAUI1My7FWqgk-540"><mxGeometry width="90" height="46" as="geometry"/></mxCell><mxCell id="GCWhC_0DAUI1My7FWqgk-542" value="" style="rounded=0;whiteSpace=wrap;html=1;fillColor=#E8F2FF;fontSize=12;strokeWidth=1;" vertex="1" parent="GCWhC_0DAUI1My7FWqgk-541"><mxGeometry width="90" height="46" as="geometry"/></mxCell><mxCell id="GCWhC_0DAUI1My7FWqgk-543" value="" style="endArrow=none;html=1;strokeColor=#000000;strokeWidth=1;fontSize=11;entryX=0.5;entryY=1;exitX=0.5;exitY=0;exitDx=0;exitDy=0;entryDx=0;entryDy=0;" edge="1" parent="GCWhC_0DAUI1My7FWqgk-541" source="GCWhC_0DAUI1My7FWqgk-547" target="GCWhC_0DAUI1My7FWqgk-554"><mxGeometry width="50" height="50" relative="1" as="geometry"><mxPoint x="8.099999999999909" y="18.200000000000045" as="sourcePoint"/><mxPoint x="8.499999999999886" y="9" as="targetPoint"/></mxGeometry></mxCell><mxCell id="GCWhC_0DAUI1My7FWqgk-544" value="" style="rounded=1;whiteSpace=wrap;html=1;strokeWidth=1;fillColor=#D5DAF5;fontSize=12;strokeColor=#000000;" vertex="1" parent="GCWhC_0DAUI1My7FWqgk-541"><mxGeometry x="6.764705882352985" y="32" width="12.705882352941178" height="10" as="geometry"/></mxCell><mxCell id="GCWhC_0DAUI1My7FWqgk-545" value="" style="endArrow=none;html=1;strokeColor=#000000;strokeWidth=1;fontSize=11;entryX=0;entryY=0.75;exitX=1;exitY=0.5;exitDx=0;exitDy=0;entryDx=0;entryDy=0;" edge="1" parent="GCWhC_0DAUI1My7FWqgk-541" source="GCWhC_0DAUI1My7FWqgk-544" target="GCWhC_0DAUI1My7FWqgk-546"><mxGeometry width="50" height="50" relative="1" as="geometry"><mxPoint x="27.499999999999886" y="33" as="sourcePoint"/><mxPoint x="33.249999999999886" y="33" as="targetPoint"/></mxGeometry></mxCell><mxCell id="GCWhC_0DAUI1My7FWqgk-546" value="" style="rounded=1;whiteSpace=wrap;html=1;strokeWidth=1;fillColor=#B5D3FF;fontSize=12;strokeColor=#000000;" vertex="1" parent="GCWhC_0DAUI1My7FWqgk-541"><mxGeometry x="30" y="13" width="25" height="20" as="geometry"/></mxCell><mxCell id="GCWhC_0DAUI1My7FWqgk-547" value="" style="rounded=1;whiteSpace=wrap;html=1;strokeWidth=1;fillColor=#CCF0E2;fontSize=12;strokeColor=#000000;" vertex="1" parent="GCWhC_0DAUI1My7FWqgk-541"><mxGeometry x="11.764705882352985" y="18" width="12.705882352941178" height="10" as="geometry"/></mxCell><mxCell id="GCWhC_0DAUI1My7FWqgk-548" value="" style="endArrow=none;html=1;strokeColor=#000000;strokeWidth=1;fontSize=11;entryX=0;entryY=0.5;exitX=1;exitY=0.5;" edge="1" parent="GCWhC_0DAUI1My7FWqgk-541" source="GCWhC_0DAUI1My7FWqgk-547" target="GCWhC_0DAUI1My7FWqgk-546"><mxGeometry width="50" height="50" relative="1" as="geometry"><mxPoint x="7.411764705882376" y="344.25" as="sourcePoint"/><mxPoint x="33.88235294117652" y="313" as="targetPoint"/></mxGeometry></mxCell><mxCell id="GCWhC_0DAUI1My7FWqgk-549" value="" style="endArrow=none;html=1;strokeColor=#000000;strokeWidth=1;fontSize=11;exitX=1;exitY=0.5;entryX=0;entryY=0.5;" edge="1" parent="GCWhC_0DAUI1My7FWqgk-541" source="GCWhC_0DAUI1My7FWqgk-546" target="GCWhC_0DAUI1My7FWqgk-553"><mxGeometry width="50" height="50" relative="1" as="geometry"><mxPoint x="102.70588235294122" y="281.75" as="sourcePoint"/><mxPoint x="129.17647058823536" y="250.5" as="targetPoint"/></mxGeometry></mxCell><mxCell id="GCWhC_0DAUI1My7FWqgk-550" value="" style="group" vertex="1" connectable="0" parent="GCWhC_0DAUI1My7FWqgk-541"><mxGeometry x="60.35294117647061" y="11.75" width="24.88235294117647" height="16.25" as="geometry"/></mxCell><mxCell id="GCWhC_0DAUI1My7FWqgk-551" value="" style="rounded=1;whiteSpace=wrap;html=1;strokeWidth=1;fillColor=#F4EDFC;fontSize=12;strokeColor=#000000;" vertex="1" parent="GCWhC_0DAUI1My7FWqgk-550"><mxGeometry x="3.7058823529411766" width="21.176470588235293" height="10" as="geometry"/></mxCell><mxCell id="GCWhC_0DAUI1My7FWqgk-552" value="" style="rounded=1;whiteSpace=wrap;html=1;strokeWidth=1;fillColor=#F4EDFC;fontSize=12;strokeColor=#000000;" vertex="1" parent="GCWhC_0DAUI1My7FWqgk-550"><mxGeometry x="1.5882352941176472" y="3.125" width="21.176470588235293" height="10" as="geometry"/></mxCell><mxCell id="GCWhC_0DAUI1My7FWqgk-553" value="" style="rounded=1;whiteSpace=wrap;html=1;strokeWidth=1;fillColor=#F4EDFC;fontSize=12;strokeColor=#000000;" vertex="1" parent="GCWhC_0DAUI1My7FWqgk-550"><mxGeometry y="6.25" width="21.176470588235293" height="10" as="geometry"/></mxCell><mxCell id="GCWhC_0DAUI1My7FWqgk-554" value="" style="rounded=1;whiteSpace=wrap;html=1;strokeColor=#000000;strokeWidth=1;fillColor=#FFF2C5;fontSize=12;arcSize=0;" vertex="1" parent="GCWhC_0DAUI1My7FWqgk-541"><mxGeometry x="4" y="3" width="16" height="6" as="geometry"/></mxCell><mxCell id="GCWhC_0DAUI1My7FWqgk-555" value="" style="rounded=0;whiteSpace=wrap;html=1;shadow=0;dashed=1;strokeColor=#000000;fillColor=none;fontSize=9;dashPattern=1 1;" vertex="1" parent="GCWhC_0DAUI1My7FWqgk-539"><mxGeometry width="101" height="60" as="geometry"/></mxCell><mxCell id="GCWhC_0DAUI1My7FWqgk-556" value="" style="group" vertex="1" connectable="0" parent="1"><mxGeometry x="289.2647058823531" y="417.75" width="101" height="60" as="geometry"/></mxCell><mxCell id="GCWhC_0DAUI1My7FWqgk-557" value="" style="group" vertex="1" connectable="0" parent="GCWhC_0DAUI1My7FWqgk-556"><mxGeometry x="5.500000000000057" y="7" width="90" height="46" as="geometry"/></mxCell><mxCell id="GCWhC_0DAUI1My7FWqgk-558" value="" style="group" vertex="1" connectable="0" parent="GCWhC_0DAUI1My7FWqgk-557"><mxGeometry width="90" height="46" as="geometry"/></mxCell><mxCell id="GCWhC_0DAUI1My7FWqgk-559" value="" style="rounded=0;whiteSpace=wrap;html=1;fillColor=#E8F2FF;fontSize=12;strokeWidth=1;" vertex="1" parent="GCWhC_0DAUI1My7FWqgk-558"><mxGeometry width="90" height="46" as="geometry"/></mxCell><mxCell id="GCWhC_0DAUI1My7FWqgk-560" value="" style="endArrow=none;html=1;strokeColor=#000000;strokeWidth=1;fontSize=11;entryX=0.5;entryY=1;exitX=0.5;exitY=0;exitDx=0;exitDy=0;entryDx=0;entryDy=0;" edge="1" parent="GCWhC_0DAUI1My7FWqgk-558" source="GCWhC_0DAUI1My7FWqgk-564" target="GCWhC_0DAUI1My7FWqgk-571"><mxGeometry width="50" height="50" relative="1" as="geometry"><mxPoint x="8.099999999999909" y="18.200000000000045" as="sourcePoint"/><mxPoint x="8.499999999999886" y="9" as="targetPoint"/></mxGeometry></mxCell><mxCell id="GCWhC_0DAUI1My7FWqgk-561" value="" style="rounded=1;whiteSpace=wrap;html=1;strokeWidth=1;fillColor=#D5DAF5;fontSize=12;strokeColor=#000000;" vertex="1" parent="GCWhC_0DAUI1My7FWqgk-558"><mxGeometry x="6.764705882352985" y="32" width="12.705882352941178" height="10" as="geometry"/></mxCell><mxCell id="GCWhC_0DAUI1My7FWqgk-562" value="" style="endArrow=none;html=1;strokeColor=#000000;strokeWidth=1;fontSize=11;entryX=0;entryY=0.75;exitX=1;exitY=0.5;exitDx=0;exitDy=0;entryDx=0;entryDy=0;" edge="1" parent="GCWhC_0DAUI1My7FWqgk-558" source="GCWhC_0DAUI1My7FWqgk-561" target="GCWhC_0DAUI1My7FWqgk-563"><mxGeometry width="50" height="50" relative="1" as="geometry"><mxPoint x="27.499999999999886" y="33" as="sourcePoint"/><mxPoint x="33.249999999999886" y="33" as="targetPoint"/></mxGeometry></mxCell><mxCell id="GCWhC_0DAUI1My7FWqgk-563" value="" style="rounded=1;whiteSpace=wrap;html=1;strokeWidth=1;fillColor=#B5D3FF;fontSize=12;strokeColor=#000000;" vertex="1" parent="GCWhC_0DAUI1My7FWqgk-558"><mxGeometry x="30" y="13" width="25" height="20" as="geometry"/></mxCell><mxCell id="GCWhC_0DAUI1My7FWqgk-564" value="" style="rounded=1;whiteSpace=wrap;html=1;strokeWidth=1;fillColor=#CCF0E2;fontSize=12;strokeColor=#000000;" vertex="1" parent="GCWhC_0DAUI1My7FWqgk-558"><mxGeometry x="11.764705882352985" y="18" width="12.705882352941178" height="10" as="geometry"/></mxCell><mxCell id="GCWhC_0DAUI1My7FWqgk-565" value="" style="endArrow=none;html=1;strokeColor=#000000;strokeWidth=1;fontSize=11;entryX=0;entryY=0.5;exitX=1;exitY=0.5;" edge="1" parent="GCWhC_0DAUI1My7FWqgk-558" source="GCWhC_0DAUI1My7FWqgk-564" target="GCWhC_0DAUI1My7FWqgk-563"><mxGeometry width="50" height="50" relative="1" as="geometry"><mxPoint x="7.411764705882376" y="344.25" as="sourcePoint"/><mxPoint x="33.88235294117652" y="313" as="targetPoint"/></mxGeometry></mxCell><mxCell id="GCWhC_0DAUI1My7FWqgk-566" value="" style="endArrow=none;html=1;strokeColor=#000000;strokeWidth=1;fontSize=11;exitX=1;exitY=0.5;entryX=0;entryY=0.5;" edge="1" parent="GCWhC_0DAUI1My7FWqgk-558" source="GCWhC_0DAUI1My7FWqgk-563" target="GCWhC_0DAUI1My7FWqgk-570"><mxGeometry width="50" height="50" relative="1" as="geometry"><mxPoint x="102.70588235294122" y="281.75" as="sourcePoint"/><mxPoint x="129.17647058823536" y="250.5" as="targetPoint"/></mxGeometry></mxCell><mxCell id="GCWhC_0DAUI1My7FWqgk-567" value="" style="group" vertex="1" connectable="0" parent="GCWhC_0DAUI1My7FWqgk-558"><mxGeometry x="60.35294117647061" y="11.75" width="24.88235294117647" height="16.25" as="geometry"/></mxCell><mxCell id="GCWhC_0DAUI1My7FWqgk-568" value="" style="rounded=1;whiteSpace=wrap;html=1;strokeWidth=1;fillColor=#F4EDFC;fontSize=12;strokeColor=#000000;" vertex="1" parent="GCWhC_0DAUI1My7FWqgk-567"><mxGeometry x="3.7058823529411766" width="21.176470588235293" height="10" as="geometry"/></mxCell><mxCell id="GCWhC_0DAUI1My7FWqgk-569" value="" style="rounded=1;whiteSpace=wrap;html=1;strokeWidth=1;fillColor=#F4EDFC;fontSize=12;strokeColor=#000000;" vertex="1" parent="GCWhC_0DAUI1My7FWqgk-567"><mxGeometry x="1.5882352941176472" y="3.125" width="21.176470588235293" height="10" as="geometry"/></mxCell><mxCell id="GCWhC_0DAUI1My7FWqgk-570" value="" style="rounded=1;whiteSpace=wrap;html=1;strokeWidth=1;fillColor=#F4EDFC;fontSize=12;strokeColor=#000000;" vertex="1" parent="GCWhC_0DAUI1My7FWqgk-567"><mxGeometry y="6.25" width="21.176470588235293" height="10" as="geometry"/></mxCell><mxCell id="GCWhC_0DAUI1My7FWqgk-571" value="" style="rounded=1;whiteSpace=wrap;html=1;strokeColor=#000000;strokeWidth=1;fillColor=#FFF2C5;fontSize=12;arcSize=0;" vertex="1" parent="GCWhC_0DAUI1My7FWqgk-558"><mxGeometry x="4" y="3" width="16" height="6" as="geometry"/></mxCell><mxCell id="GCWhC_0DAUI1My7FWqgk-572" value="" style="rounded=0;whiteSpace=wrap;html=1;shadow=0;dashed=1;strokeColor=#000000;fillColor=none;fontSize=9;dashPattern=1 1;" vertex="1" parent="GCWhC_0DAUI1My7FWqgk-556"><mxGeometry width="101" height="60" as="geometry"/></mxCell><mxCell id="GCWhC_0DAUI1My7FWqgk-573" value="&lt;font style=&quot;font-size: 9px&quot;&gt;TCP&lt;/font&gt;&lt;div style=&quot;font-size: 9px&quot;&gt;&lt;font style=&quot;font-size: 9px&quot;&gt;5050&lt;/font&gt;&lt;/div&gt;" style="text;html=1;strokeColor=none;fillColor=none;align=center;verticalAlign=middle;whiteSpace=wrap;rounded=0;dashed=1;fontSize=9;rotation=0;" vertex="1" parent="1"><mxGeometry x="347" y="276.99999999999994" width="40" height="20" as="geometry"/></mxCell><mxCell id="GCWhC_0DAUI1My7FWqgk-575" value="&lt;font style=&quot;font-size: 9px;&quot;&gt;TCP&lt;/font&gt;&lt;div style=&quot;font-size: 9px;&quot;&gt;&lt;font style=&quot;font-size: 9px;&quot;&gt;4004&lt;/font&gt;&lt;/div&gt;" style="text;html=1;strokeColor=none;fillColor=none;align=center;verticalAlign=middle;whiteSpace=wrap;rounded=0;dashed=1;fontSize=9;rotation=0;" vertex="1" parent="1"><mxGeometry x="532.7499999999999" y="241.4999999999999" width="40" height="20" as="geometry"/></mxCell></root></mxGraphModel>