<?xml version="1.0" encoding="UTF-8"?>
<mxGraphModel dx="999" dy="638" grid="1" gridSize="10" guides="1" tooltips="1" connect="1" arrows="1" fold="1" page="1" pageScale="1" pageWidth="850" pageHeight="1100" background="#ffffff" math="0" shadow="0"><root><mxCell id="0"/><mxCell id="1" parent="0"/><mxCell id="34" value="" style="rounded=0;whiteSpace=wrap;html=1;shadow=0;dashed=1;strokeColor=#000000;fillColor=none;" parent="1" vertex="1"><mxGeometry x="382.22" y="177.70676691729324" width="157.78" height="117.29323308270676" as="geometry"/></mxCell><mxCell id="2" value="a" style="rounded=0;whiteSpace=wrap;html=1;fillColor=none;fontSize=12;strokeWidth=2;" parent="1" vertex="1"><mxGeometry x="135" y="121" width="595" height="249" as="geometry"/></mxCell><mxCell id="54" value="" style="rounded=0;whiteSpace=wrap;html=1;shadow=0;strokeColor=#808080;fillColor=none;fontSize=9;strokeWidth=2;dashed=1;" parent="1" vertex="1"><mxGeometry x="110" y="60" width="650" height="340" as="geometry"/></mxCell><mxCell id="49" value="" style="rounded=0;whiteSpace=wrap;html=1;shadow=0;dashed=1;strokeColor=#000000;fillColor=none;fontSize=9;dashPattern=1 1;" parent="1" vertex="1"><mxGeometry x="121" y="90" width="625" height="300" as="geometry"/></mxCell><mxCell id="3" value="&lt;div style=&quot;text-align: left ; font-size: 13px&quot;&gt;&lt;span&gt;Sawtooth Node&lt;/span&gt;&lt;/div&gt;" style="text;html=1;strokeColor=none;fillColor=none;align=left;verticalAlign=middle;whiteSpace=wrap;rounded=0;fontSize=12;" parent="1" vertex="1"><mxGeometry x="134" y="95" width="142.34875444839855" height="30.730478589420652" as="geometry"/></mxCell><mxCell id="4" value="&lt;font style=&quot;font-size: 12px&quot;&gt;Client:&amp;nbsp;&lt;br&gt;&lt;/font&gt;Sawtooth CLI" style="rounded=1;whiteSpace=wrap;html=1;strokeColor=#000000;strokeWidth=1;fillColor=#FFF2C5;fontSize=12;" parent="1" vertex="1"><mxGeometry x="147" y="169.99999999999991" width="90" height="43" as="geometry"/></mxCell><mxCell id="5" value="" style="endArrow=none;html=1;strokeColor=#000000;strokeWidth=1;fontSize=12;entryX=0;entryY=0.25;exitX=1;exitY=0.5;" parent="1" source="4" target="6" edge="1"><mxGeometry width="50" height="50" relative="1" as="geometry"><mxPoint x="64.70462633451957" y="517.3979848866497" as="sourcePoint"/><mxPoint x="135.87900355871886" y="440.5717884130981" as="targetPoint"/></mxGeometry></mxCell><mxCell id="8" value="" style="group" parent="1" vertex="1" connectable="0"><mxGeometry x="386" y="179.99999999999986" width="150" height="111.00000000000003" as="geometry"/></mxCell><mxCell id="9" value="" style="rounded=1;whiteSpace=wrap;html=1;strokeWidth=1;fillColor=#B5D3FF;fontSize=12;strokeColor=#000000;" parent="8" vertex="1"><mxGeometry y="2.3684757858670007e-14" width="150" height="111" as="geometry"/></mxCell><mxCell id="10" value="&lt;font style=&quot;font-size: 14px&quot;&gt;Validator&lt;/font&gt;" style="text;html=1;strokeColor=none;fillColor=none;align=center;verticalAlign=middle;whiteSpace=wrap;rounded=0;fontSize=12;" parent="8" vertex="1"><mxGeometry x="33.26410526315783" y="44.901183137400885" width="83.47178947368421" height="21.197633725198358" as="geometry"/></mxCell><mxCell id="11" style="edgeStyle=orthogonalEdgeStyle;curved=1;jumpSize=3;html=1;exitX=0.25;exitY=0;entryX=0.25;entryY=0;jettySize=auto;orthogonalLoop=1;strokeColor=#000000;strokeWidth=1;fontSize=11;" parent="8" source="9" target="9" edge="1"><mxGeometry relative="1" as="geometry"/></mxCell><mxCell id="12" value="" style="endArrow=none;html=1;strokeColor=#000000;strokeWidth=1;fontSize=12;entryX=0;entryY=0.5;exitX=1;exitY=0.5;exitDx=0;exitDy=0;entryDx=0;entryDy=0;" parent="1" source="9" target="KzV0CFN4qzKd0ke6rGmr-122" edge="1"><mxGeometry width="50" height="50" relative="1" as="geometry"><mxPoint x="582" y="250.99999999999997" as="sourcePoint"/><mxPoint x="662.2941176470588" y="257.2941176470589" as="targetPoint"/></mxGeometry></mxCell><mxCell id="13" value="" style="endArrow=none;html=1;strokeColor=#000000;strokeWidth=1;fontSize=12;entryX=0;entryY=0.5;exitX=1;exitY=0.5;" parent="1" source="9" target="15" edge="1"><mxGeometry width="50" height="50" relative="1" as="geometry"><mxPoint x="582.1666666666667" y="252.33333333333334" as="sourcePoint"/><mxPoint x="612.1666666666667" y="296.5" as="targetPoint"/></mxGeometry></mxCell><mxCell id="17" value="" style="endArrow=none;html=1;strokeColor=#000000;strokeWidth=1;fontSize=11;entryX=0;entryY=0.5;exitX=1;exitY=0.5;exitDx=0;exitDy=0;entryDx=0;entryDy=0;" parent="1" source="9" target="KzV0CFN4qzKd0ke6rGmr-120" edge="1"><mxGeometry width="50" height="50" relative="1" as="geometry"><mxPoint x="502" y="400.99999999999994" as="sourcePoint"/><mxPoint x="552" y="350.99999999999994" as="targetPoint"/></mxGeometry></mxCell><mxCell id="21" value="&lt;font style=&quot;font-size: 9px;&quot;&gt;TCP&lt;/font&gt;&lt;div style=&quot;font-size: 9px;&quot;&gt;&lt;font style=&quot;font-size: 9px;&quot;&gt;4004&lt;/font&gt;&lt;/div&gt;" style="text;html=1;strokeColor=none;fillColor=none;align=center;verticalAlign=middle;whiteSpace=wrap;rounded=0;dashed=1;fontSize=9;rotation=0;" parent="1" vertex="1"><mxGeometry x="537" y="224.49999999999991" width="40" height="20" as="geometry"/></mxCell><mxCell id="28" value="" style="group" parent="1" vertex="1" connectable="0"><mxGeometry x="141" y="149.5" width="100" height="66.5" as="geometry"/></mxCell><mxCell id="26" value="" style="rounded=0;whiteSpace=wrap;html=1;shadow=0;dashed=1;strokeColor=#000000;fillColor=none;" parent="28" vertex="1"><mxGeometry x="2" y="16.5" width="98" height="50" as="geometry"/></mxCell><mxCell id="27" value="&lt;font style=&quot;font-size: 9px&quot;&gt;Container&lt;/font&gt;" style="text;html=1;strokeColor=none;fillColor=none;align=center;verticalAlign=middle;whiteSpace=wrap;rounded=0;shadow=1;dashed=1;spacing=0;" parent="28" vertex="1"><mxGeometry width="40" height="19" as="geometry"/></mxCell><mxCell id="50" value="&lt;font style=&quot;font-size: 13px&quot;&gt;Sawtooth Pod&lt;/font&gt;" style="text;html=1;strokeColor=none;fillColor=none;align=center;verticalAlign=middle;whiteSpace=wrap;rounded=0;shadow=0;dashed=1;fontSize=9;fontColor=#4D4D4D;" parent="1" vertex="1"><mxGeometry x="112" y="69" width="100" height="20" as="geometry"/></mxCell><mxCell id="55" value="&lt;font style=&quot;font-size: 14px&quot;&gt;Kubernetes Cluster&lt;/font&gt;" style="text;html=1;strokeColor=none;fillColor=none;align=center;verticalAlign=middle;whiteSpace=wrap;rounded=0;shadow=0;fontSize=9;fontColor=#000000;" parent="1" vertex="1"><mxGeometry x="106" y="39" width="130" height="20" as="geometry"/></mxCell><mxCell id="101" value="&lt;font style=&quot;font-size: 9px;&quot;&gt;TCP&lt;/font&gt;&lt;div style=&quot;font-size: 9px;&quot;&gt;&lt;font style=&quot;font-size: 9px;&quot;&gt;4004&lt;/font&gt;&lt;/div&gt;" style="text;html=1;strokeColor=none;fillColor=none;align=center;verticalAlign=middle;whiteSpace=wrap;rounded=0;dashed=1;fontSize=9;rotation=0;" parent="1" vertex="1"><mxGeometry x="349" y="224.4999999999999" width="40" height="20" as="geometry"/></mxCell><mxCell id="102" value="&lt;font style=&quot;font-size: 9px&quot;&gt;TCP&lt;/font&gt;&lt;div style=&quot;font-size: 9px&quot;&gt;&lt;font style=&quot;font-size: 9px&quot;&gt;8008&lt;/font&gt;&lt;/div&gt;" style="text;html=1;strokeColor=none;fillColor=none;align=center;verticalAlign=middle;whiteSpace=wrap;rounded=0;dashed=1;fontSize=9;rotation=0;" parent="1" vertex="1"><mxGeometry x="224" y="224.4999999999999" width="40" height="20" as="geometry"/></mxCell><mxCell id="35" value="&lt;font style=&quot;font-size: 9px&quot;&gt;Container&lt;/font&gt;" style="text;html=1;strokeColor=none;fillColor=none;align=center;verticalAlign=middle;whiteSpace=wrap;rounded=0;shadow=1;dashed=1;spacing=0;" parent="1" vertex="1"><mxGeometry x="369.77777777777777" y="146.2" width="64.4" height="44.57142857142856" as="geometry"/></mxCell><mxCell id="107" value="" style="endArrow=none;html=1;fontSize=9;fontColor=#4D4D4D;entryX=0;entryY=0.5;exitX=1;exitY=0.5;" parent="1" source="6" target="9" edge="1"><mxGeometry width="50" height="50" relative="1" as="geometry"><mxPoint x="330" y="300" as="sourcePoint"/><mxPoint x="320" y="310" as="targetPoint"/></mxGeometry></mxCell><mxCell id="108" value="" style="group" parent="1" vertex="1" connectable="0"><mxGeometry x="257" y="195" width="88" height="62.68656716417911" as="geometry"/></mxCell><mxCell id="30" value="" style="rounded=0;whiteSpace=wrap;html=1;shadow=0;dashed=1;strokeColor=#000000;fillColor=none;" parent="108" vertex="1"><mxGeometry y="17.761194029850742" width="88" height="44.92537313432835" as="geometry"/></mxCell><mxCell id="6" value="&lt;font style=&quot;font-size: 12px&quot;&gt;REST API&lt;/font&gt;" style="rounded=1;whiteSpace=wrap;html=1;strokeWidth=1;fillColor=#CCF0E2;fontSize=12;strokeColor=#000000;" parent="108" vertex="1"><mxGeometry x="5" y="21.9999999999998" width="78" height="37" as="geometry"/></mxCell><mxCell id="31" value="&lt;font style=&quot;font-size: 9px&quot;&gt;Container&lt;/font&gt;" style="text;html=1;strokeColor=none;fillColor=none;align=center;verticalAlign=middle;whiteSpace=wrap;rounded=0;shadow=1;dashed=1;spacing=0;" parent="108" vertex="1"><mxGeometry x="3" width="37.2" height="19.850746268656714" as="geometry"/></mxCell><mxCell id="KzV0CFN4qzKd0ke6rGmr-109" value="&lt;font style=&quot;font-size: 9px&quot;&gt;TCP&lt;/font&gt;&lt;div style=&quot;font-size: 9px&quot;&gt;&lt;font style=&quot;font-size: 9px&quot;&gt;5050&lt;/font&gt;&lt;/div&gt;" style="text;html=1;strokeColor=none;fillColor=none;align=center;verticalAlign=middle;whiteSpace=wrap;rounded=0;dashed=1;fontSize=9;rotation=0;" vertex="1" parent="1"><mxGeometry x="342" y="275.99999999999994" width="40" height="20" as="geometry"/></mxCell><mxCell id="KzV0CFN4qzKd0ke6rGmr-110" value="" style="endArrow=none;html=1;entryX=0;entryY=0.75;entryDx=0;entryDy=0;exitX=1;exitY=0.5;exitDx=0;exitDy=0;" edge="1" parent="1" source="KzV0CFN4qzKd0ke6rGmr-108" target="9"><mxGeometry width="50" height="50" relative="1" as="geometry"><mxPoint x="110" y="470" as="sourcePoint"/><mxPoint x="160" y="420" as="targetPoint"/></mxGeometry></mxCell><mxCell id="KzV0CFN4qzKd0ke6rGmr-128" value="" style="group" vertex="1" connectable="0" parent="1"><mxGeometry x="585" y="121.5" width="138.1700000000004" height="70.0657894736843" as="geometry"/></mxCell><mxCell id="43" value="&lt;font style=&quot;font-size: 9px&quot;&gt;Container&lt;/font&gt;" style="text;html=1;strokeColor=none;fillColor=none;align=center;verticalAlign=middle;whiteSpace=wrap;rounded=0;shadow=1;dashed=1;spacing=0;" parent="KzV0CFN4qzKd0ke6rGmr-128" vertex="1"><mxGeometry width="53.199999999999996" height="20" as="geometry"/></mxCell><mxCell id="KzV0CFN4qzKd0ke6rGmr-127" value="" style="group" vertex="1" connectable="0" parent="KzV0CFN4qzKd0ke6rGmr-128"><mxGeometry x="7.830000000000496" y="17.434210526315894" width="130.33999999999992" height="52.63157894736841" as="geometry"/></mxCell><mxCell id="KzV0CFN4qzKd0ke6rGmr-121" value="" style="rounded=0;whiteSpace=wrap;html=1;shadow=0;dashed=1;strokeColor=#000000;fillColor=none;" vertex="1" parent="KzV0CFN4qzKd0ke6rGmr-127"><mxGeometry width="130.33999999999997" height="52.63157894736842" as="geometry"/></mxCell><mxCell id="KzV0CFN4qzKd0ke6rGmr-122" value="&lt;div style=&quot;font-size: 11px&quot;&gt;&lt;font style=&quot;font-size: 11px&quot;&gt;IntegerKey&lt;/font&gt;&lt;/div&gt;&lt;div style=&quot;font-size: 11px&quot;&gt;&lt;font style=&quot;font-size: 11px&quot;&gt;Transaction&amp;nbsp;&lt;/font&gt;Processor&lt;/div&gt;" style="rounded=1;whiteSpace=wrap;html=1;strokeWidth=1;fillColor=#F4EDFC;fontSize=12;strokeColor=#000000;" vertex="1" parent="KzV0CFN4qzKd0ke6rGmr-127"><mxGeometry x="5.169999999999959" y="3.8157894736841627" width="120" height="45" as="geometry"/></mxCell><mxCell id="KzV0CFN4qzKd0ke6rGmr-129" value="" style="group" vertex="1" connectable="0" parent="1"><mxGeometry x="585" y="192.5" width="138.1700000000003" height="69.3157894736841" as="geometry"/></mxCell><mxCell id="15" value="&lt;div style=&quot;font-size: 11px&quot;&gt;&lt;font style=&quot;font-size: 11px&quot;&gt;Settings&lt;/font&gt;&lt;/div&gt;&lt;div style=&quot;font-size: 11px&quot;&gt;&lt;font style=&quot;font-size: 11px&quot;&gt;Transaction&amp;nbsp;&lt;/font&gt;Processor&lt;/div&gt;" style="rounded=1;whiteSpace=wrap;html=1;strokeWidth=1;fillColor=#F4EDFC;fontSize=12;strokeColor=#000000;" parent="KzV0CFN4qzKd0ke6rGmr-129" vertex="1"><mxGeometry x="13" y="20.499999999999915" width="120" height="45" as="geometry"/></mxCell><mxCell id="46" value="&lt;font style=&quot;font-size: 9px&quot;&gt;Container&lt;/font&gt;" style="text;html=1;strokeColor=none;fillColor=none;align=center;verticalAlign=middle;whiteSpace=wrap;rounded=0;shadow=1;dashed=1;spacing=0;" parent="KzV0CFN4qzKd0ke6rGmr-129" vertex="1"><mxGeometry width="53.199999999999996" height="20" as="geometry"/></mxCell><mxCell id="KzV0CFN4qzKd0ke6rGmr-116" value="" style="rounded=0;whiteSpace=wrap;html=1;shadow=0;dashed=1;strokeColor=#000000;fillColor=none;" vertex="1" parent="KzV0CFN4qzKd0ke6rGmr-129"><mxGeometry x="7.830000000000382" y="16.684210526315695" width="130.33999999999997" height="52.63157894736842" as="geometry"/></mxCell><mxCell id="KzV0CFN4qzKd0ke6rGmr-130" value="" style="group" vertex="1" connectable="0" parent="1"><mxGeometry x="585" y="267" width="138.1700000000002" height="70.06578947368399" as="geometry"/></mxCell><mxCell id="40" value="&lt;font style=&quot;font-size: 9px&quot;&gt;Container&lt;/font&gt;" style="text;html=1;strokeColor=none;fillColor=none;align=center;verticalAlign=middle;whiteSpace=wrap;rounded=0;shadow=1;dashed=1;spacing=0;" parent="KzV0CFN4qzKd0ke6rGmr-130" vertex="1"><mxGeometry width="53.199999999999996" height="20" as="geometry"/></mxCell><mxCell id="KzV0CFN4qzKd0ke6rGmr-125" value="" style="group" vertex="1" connectable="0" parent="KzV0CFN4qzKd0ke6rGmr-130"><mxGeometry x="7.830000000000268" y="17.434210526315553" width="130.33999999999992" height="52.63157894736844" as="geometry"/></mxCell><mxCell id="KzV0CFN4qzKd0ke6rGmr-124" value="" style="group" vertex="1" connectable="0" parent="KzV0CFN4qzKd0ke6rGmr-125"><mxGeometry width="130.33999999999992" height="52.63157894736844" as="geometry"/></mxCell><mxCell id="KzV0CFN4qzKd0ke6rGmr-117" value="" style="rounded=0;whiteSpace=wrap;html=1;shadow=0;dashed=1;strokeColor=#000000;fillColor=none;" vertex="1" parent="KzV0CFN4qzKd0ke6rGmr-124"><mxGeometry width="130.33999999999997" height="52.63157894736842" as="geometry"/></mxCell><mxCell id="KzV0CFN4qzKd0ke6rGmr-120" value="&lt;div style=&quot;font-size: 11px&quot;&gt;&lt;font style=&quot;font-size: 11px&quot;&gt;XO&lt;/font&gt;&lt;/div&gt;&lt;div style=&quot;font-size: 11px&quot;&gt;&lt;font style=&quot;font-size: 11px&quot;&gt;Transaction&amp;nbsp;&lt;/font&gt;Processor&lt;/div&gt;" style="rounded=1;whiteSpace=wrap;html=1;strokeWidth=1;fillColor=#F4EDFC;fontSize=12;strokeColor=#000000;" vertex="1" parent="KzV0CFN4qzKd0ke6rGmr-124"><mxGeometry x="5.170000000000073" y="3.815789473684333" width="120" height="45" as="geometry"/></mxCell><mxCell id="KzV0CFN4qzKd0ke6rGmr-131" value="" style="group" vertex="1" connectable="0" parent="1"><mxGeometry x="199.5" y="256" width="88" height="71.5" as="geometry"/></mxCell><mxCell id="KzV0CFN4qzKd0ke6rGmr-108" value="Consensus&lt;br&gt;Engine&lt;br&gt;" style="rounded=1;whiteSpace=wrap;html=1;strokeColor=#000000;strokeWidth=1;fillColor=#D5DAF5;fontSize=12;fontColor=#333333;" vertex="1" parent="KzV0CFN4qzKd0ke6rGmr-131"><mxGeometry x="4.5" y="23" width="79" height="43" as="geometry"/></mxCell><mxCell id="KzV0CFN4qzKd0ke6rGmr-111" value="" style="rounded=0;whiteSpace=wrap;html=1;shadow=0;dashed=1;strokeColor=#000000;fillColor=none;" vertex="1" parent="KzV0CFN4qzKd0ke6rGmr-131"><mxGeometry y="17.5" width="88" height="54" as="geometry"/></mxCell><mxCell id="KzV0CFN4qzKd0ke6rGmr-113" value="&lt;font style=&quot;font-size: 9px&quot;&gt;Container&lt;/font&gt;" style="text;html=1;strokeColor=none;fillColor=none;align=center;verticalAlign=middle;whiteSpace=wrap;rounded=0;shadow=1;dashed=1;spacing=0;" vertex="1" parent="KzV0CFN4qzKd0ke6rGmr-131"><mxGeometry x="0.5" width="37.2" height="19.850746268656714" as="geometry"/></mxCell></root></mxGraphModel>