<?xml version="1.0" encoding="UTF-8"?>
<mxGraphModel dx="1105" dy="545" grid="1" gridSize="10" guides="1" tooltips="1" connect="1" arrows="1" fold="1" page="1" pageScale="1" pageWidth="850" pageHeight="1100" background="#ffffff" math="0" shadow="0"><root><mxCell id="0"/><mxCell id="1" parent="0"/><mxCell id="11" value="" style="endArrow=none;html=1;strokeColor=#000000;strokeWidth=1;fontSize=12;entryX=0;entryY=0.5;exitX=1;exitY=0.5;" parent="1" source="3" target="25" edge="1"><mxGeometry width="50" height="50" relative="1" as="geometry"><mxPoint x="154" y="191" as="sourcePoint"/><mxPoint x="148.1138790035587" y="390.3022670025189" as="targetPoint"/></mxGeometry></mxCell><mxCell id="3" value="" style="rounded=1;whiteSpace=wrap;html=1;strokeColor=#000000;strokeWidth=1;fillColor=#FFF2C5;fontSize=12;" parent="1" vertex="1"><mxGeometry x="20" y="101.58186397984882" width="119.5729537366548" height="61.460957178841305" as="geometry"/></mxCell><mxCell id="6" value="" style="rounded=0;whiteSpace=wrap;html=1;fillColor=none;fontSize=12;strokeWidth=2;" parent="1" vertex="1"><mxGeometry x="207.9003558718861" y="49.193954659949625" width="612.0996441281138" height="276.57430730478586" as="geometry"/></mxCell><mxCell id="7" value="" style="rounded=1;whiteSpace=wrap;html=1;strokeWidth=1;fillColor=#B5D3FF;fontSize=12;strokeColor=#000000;" parent="1" vertex="1"><mxGeometry x="361.63701067615625" y="67.63224181360201" width="270.4626334519573" height="245.84382871536522" as="geometry"/></mxCell><mxCell id="8" value="&lt;div style=&quot;text-align: center&quot;&gt;&lt;font style=&quot;font-size: 12px&quot;&gt;Consensus&lt;br&gt;Engine&lt;/font&gt;&lt;/div&gt;" style="rounded=0;whiteSpace=wrap;html=1;strokeColor=#2764A4;strokeWidth=1;fillColor=#E8F2FF;fontSize=11;dashed=1;" parent="1" vertex="1"><mxGeometry x="237.6690391459074" y="209" width="80" height="46" as="geometry"/></mxCell><mxCell id="9" value="" style="endArrow=none;html=1;strokeColor=#000000;strokeWidth=1;fontSize=12;entryX=0.074;entryY=0.035;exitX=1;exitY=0.5;entryPerimeter=0;" parent="1" source="34" target="29" edge="1"><mxGeometry width="50" height="50" relative="1" as="geometry"><mxPoint x="760.2135231316726" y="436.39798488664985" as="sourcePoint"/><mxPoint x="831.3879003558718" y="359.57178841309815" as="targetPoint"/></mxGeometry></mxCell><mxCell id="12" value="&lt;div style=&quot;text-align: left ; font-size: 13px&quot;&gt;&lt;span&gt;Validator Node&lt;/span&gt;&lt;/div&gt;" style="text;html=1;strokeColor=none;fillColor=none;align=left;verticalAlign=middle;whiteSpace=wrap;rounded=0;fontSize=12;" parent="1" vertex="1"><mxGeometry x="205.9359430604982" y="21" width="142.34875444839855" height="30.730478589420652" as="geometry"/></mxCell><mxCell id="24" value="" style="rounded=1;whiteSpace=wrap;html=1;strokeWidth=1;fillColor=#F4EDFC;fontSize=12;strokeColor=#000000;" parent="1" vertex="1"><mxGeometry x="676.2277580071175" y="81.3123425692695" width="132.38434163701066" height="61.460957178841305" as="geometry"/></mxCell><mxCell id="25" value="&lt;font style=&quot;font-size: 11px&quot;&gt;REST API&lt;/font&gt;" style="rounded=1;whiteSpace=wrap;html=1;strokeWidth=1;fillColor=#CCF0E2;fontSize=12;strokeColor=#000000;" parent="1" vertex="1"><mxGeometry x="224.2882562277579" y="121.29974811083127" width="106.76156583629891" height="53.778337531486144" as="geometry"/></mxCell><mxCell id="26" value="" style="endArrow=none;html=1;strokeColor=#000000;strokeWidth=1;fontSize=12;entryX=1;entryY=0.5;exitX=0;exitY=0.5;" parent="1" source="34" target="25" edge="1"><mxGeometry width="50" height="50" relative="1" as="geometry"><mxPoint x="20" y="390.3022670025189" as="sourcePoint"/><mxPoint x="91.17437722419928" y="313.4760705289672" as="targetPoint"/></mxGeometry></mxCell><mxCell id="27" value="" style="rounded=1;whiteSpace=wrap;html=1;strokeWidth=1;fillColor=#F4EDFC;fontSize=12;strokeColor=#000000;" parent="1" vertex="1"><mxGeometry x="670.5338078291813" y="92.06801007556675" width="128.1138790035587" height="61.460957178841305" as="geometry"/></mxCell><mxCell id="28" value="" style="endArrow=none;html=1;strokeColor=#000000;strokeWidth=1;fontSize=12;entryX=0;entryY=0.5;exitX=1;exitY=0.5;" parent="1" source="34" target="27" edge="1"><mxGeometry width="50" height="50" relative="1" as="geometry"><mxPoint x="817.153024911032" y="436.39798488664985" as="sourcePoint"/><mxPoint x="888.3274021352313" y="359.57178841309815" as="targetPoint"/></mxGeometry></mxCell><mxCell id="29" value="&lt;font style=&quot;font-size: 12px&quot;&gt;Transaction&lt;/font&gt;&lt;div&gt;&lt;font style=&quot;font-size: 12px&quot;&gt;Processors&lt;/font&gt;&lt;/div&gt;" style="rounded=1;whiteSpace=wrap;html=1;strokeWidth=1;fillColor=#F4EDFC;fontSize=12;strokeColor=#000000;" parent="1" vertex="1"><mxGeometry x="664.8398576512456" y="102.82367758186396" width="123.84341637010675" height="61.460957178841305" as="geometry"/></mxCell><mxCell id="30" value="" style="endArrow=none;html=1;strokeColor=#000000;strokeWidth=1;fontSize=12;entryX=0;entryY=0.5;exitX=1;exitY=0.5;" parent="1" source="34" target="29" edge="1"><mxGeometry width="50" height="50" relative="1" as="geometry"><mxPoint x="817.153024911032" y="436.39798488664985" as="sourcePoint"/><mxPoint x="888.3274021352313" y="359.57178841309815" as="targetPoint"/></mxGeometry></mxCell><mxCell id="31" value="" style="endArrow=none;html=1;strokeWidth=1;fontSize=12;entryX=0.5;entryY=1;exitX=0.5;exitY=0;strokeColor=#000000;" parent="1" source="82" target="7" edge="1"><mxGeometry width="50" height="50" relative="1" as="geometry"><mxPoint x="439" y="529" as="sourcePoint"/><mxPoint x="489.75088967971527" y="421.0327455919395" as="targetPoint"/></mxGeometry></mxCell><mxCell id="32" value="&lt;font style=&quot;font-size: 14px&quot;&gt;Validator&lt;/font&gt;" style="text;html=1;strokeColor=none;fillColor=none;align=center;verticalAlign=middle;whiteSpace=wrap;rounded=0;fontSize=12;" parent="1" vertex="1"><mxGeometry x="455.36832740213504" y="63" width="83" height="41" as="geometry"/></mxCell><mxCell id="33" value="&lt;font style=&quot;font-size: 12px&quot;&gt;State&lt;/font&gt;" style="shape=cylinder;whiteSpace=wrap;html=1;boundedLbl=1;strokeColor=#2764A4;strokeWidth=1;fillColor=#E8F2FF;fontSize=11;" parent="1" vertex="1"><mxGeometry x="503" y="200" width="115" height="58" as="geometry"/></mxCell><mxCell id="34" value="&lt;font style=&quot;font-size: 12px&quot;&gt;Interconnect&lt;/font&gt;" style="rounded=0;whiteSpace=wrap;html=1;strokeColor=#2764A4;strokeWidth=1;fillColor=#E8F2FF;fontSize=12;" parent="1" vertex="1"><mxGeometry x="374.4483985765124" y="104.65491183879087" width="243.41637010676155" height="33.80352644836272" as="geometry"/></mxCell><mxCell id="35" value="&lt;font style=&quot;font-size: 12px&quot;&gt;P2P&amp;nbsp;Network&lt;/font&gt;" style="rounded=0;whiteSpace=wrap;html=1;strokeColor=#2764A4;strokeWidth=1;fillColor=#E8F2FF;fontSize=12;" parent="1" vertex="1"><mxGeometry x="374.4483985765124" y="265.38035264483625" width="243.41637010676155" height="33.80352644836272" as="geometry"/></mxCell><mxCell id="36" value="&lt;div style=&quot;text-align: center ; font-size: 12px&quot;&gt;&lt;font style=&quot;font-size: 12px&quot;&gt;Transaction&lt;/font&gt;&lt;/div&gt;&lt;div style=&quot;font-size: 12px&quot;&gt;&lt;div style=&quot;text-align: left&quot;&gt;&lt;div style=&quot;text-align: center&quot;&gt;&lt;div style=&quot;text-align: right&quot;&gt;&lt;div style=&quot;text-align: justify&quot;&gt;&lt;div style=&quot;text-align: center&quot;&gt;&lt;font style=&quot;font-size: 12px&quot;&gt;Handling&lt;/font&gt;&lt;/div&gt;&lt;/div&gt;&lt;/div&gt;&lt;/div&gt;&lt;/div&gt;&lt;/div&gt;" style="rounded=0;whiteSpace=wrap;html=1;strokeColor=#2764A4;strokeWidth=1;fillColor=#E8F2FF;fontSize=11;" parent="1" vertex="1"><mxGeometry x="503.98576512455514" y="146.9823677581865" width="113.87900355871886" height="46.095717884130984" as="geometry"/></mxCell><mxCell id="37" value="&lt;div style=&quot;text-align: center ; font-size: 12px&quot;&gt;&lt;font style=&quot;font-size: 12px&quot;&gt;Block&lt;/font&gt;&lt;/div&gt;&lt;div style=&quot;text-align: center ; font-size: 12px&quot;&gt;&lt;font style=&quot;font-size: 12px&quot;&gt;Management&lt;/font&gt;&lt;/div&gt;" style="rounded=0;whiteSpace=wrap;html=1;strokeColor=#2764A4;strokeWidth=1;fillColor=#E8F2FF;fontSize=11;" parent="1" vertex="1"><mxGeometry x="374.4483985765125" y="146.98236775818657" width="113.87900355871886" height="46.095717884130984" as="geometry"/></mxCell><mxCell id="38" value="" style="endArrow=none;html=1;strokeWidth=1;fontSize=12;entryX=0.5;entryY=1;exitX=0.5;exitY=0;strokeColor=#000000;" parent="1" source="94" target="7" edge="1"><mxGeometry width="50" height="50" relative="1" as="geometry"><mxPoint x="555" y="529" as="sourcePoint"/><mxPoint x="546.6903914590747" y="421.0327455919395" as="targetPoint"/></mxGeometry></mxCell><mxCell id="39" value="" style="endArrow=none;html=1;strokeWidth=1;fontSize=12;entryX=0.5;entryY=1;exitX=0.5;exitY=0;strokeColor=#000000;" parent="1" source="70" target="7" edge="1"><mxGeometry width="50" height="50" relative="1" as="geometry"><mxPoint x="609" y="413" as="sourcePoint"/><mxPoint x="802.9181494661921" y="543.9546599496222" as="targetPoint"/></mxGeometry></mxCell><mxCell id="40" value="" style="endArrow=none;html=1;strokeWidth=1;fontSize=12;entryX=0.5;entryY=1;strokeColor=#000000;exitX=0.5;exitY=0;" parent="1" source="58" target="7" edge="1"><mxGeometry width="50" height="50" relative="1" as="geometry"><mxPoint x="384" y="413" as="sourcePoint"/><mxPoint x="261.99288256227754" y="651.5113350125944" as="targetPoint"/></mxGeometry></mxCell><mxCell id="41" value="&lt;div style=&quot;text-align: left ; font-size: 14px&quot;&gt;&lt;div style=&quot;text-align: center&quot;&gt;&lt;font style=&quot;font-size: 14px&quot;&gt;Sawtooth&lt;/font&gt;&amp;nbsp;Network&lt;/div&gt;&lt;/div&gt;" style="text;html=1;strokeColor=none;fillColor=#ffffff;align=center;verticalAlign=middle;whiteSpace=wrap;rounded=0;fontSize=12;" parent="1" vertex="1"><mxGeometry x="436.86832740213487" y="371" width="120" height="17" as="geometry"/></mxCell><mxCell id="110" value="" style="group" parent="1" vertex="1" connectable="0"><mxGeometry x="513.3683274021348" y="510" width="93" height="50" as="geometry"/></mxCell><mxCell id="16" style="edgeStyle=orthogonalEdgeStyle;curved=1;jumpSize=3;html=1;exitX=1;exitY=0.25;entryX=1;entryY=0.25;jettySize=auto;orthogonalLoop=1;strokeColor=#000000;strokeWidth=1;fontSize=12;" parent="110" edge="1"><mxGeometry relative="1" as="geometry"><mxPoint x="71" y="9" as="sourcePoint"/><mxPoint x="71" y="9" as="targetPoint"/></mxGeometry></mxCell><mxCell id="93" value="" style="group;fillColor=#ffffff;" parent="110" vertex="1" connectable="0"><mxGeometry x="3" width="90" height="50" as="geometry"/></mxCell><mxCell id="94" value="" style="rounded=0;whiteSpace=wrap;html=1;fillColor=#E8F2FF;fontSize=12;strokeWidth=1;" parent="110" vertex="1"><mxGeometry width="90" height="46" as="geometry"/></mxCell><mxCell id="95" value="" style="group" parent="110" vertex="1" connectable="0"><mxGeometry x="4.764705882352928" y="4.25" width="80.4705882352941" height="37.5" as="geometry"/></mxCell><mxCell id="96" value="" style="rounded=1;whiteSpace=wrap;html=1;strokeWidth=1;fillColor=#B5D3FF;fontSize=12;strokeColor=#000000;" parent="95" vertex="1"><mxGeometry x="18.529411764705884" width="31.764705882352942" height="37.5" as="geometry"/></mxCell><mxCell id="97" value="" style="rounded=1;whiteSpace=wrap;html=1;strokeWidth=1;fillColor=#CCF0E2;fontSize=12;strokeColor=#000000;" parent="95" vertex="1"><mxGeometry y="13.75" width="12.705882352941178" height="10" as="geometry"/></mxCell><mxCell id="98" value="" style="endArrow=none;html=1;strokeColor=#000000;strokeWidth=1;fontSize=11;entryX=0;entryY=0.5;exitX=1;exitY=0.5;" parent="95" source="97" target="96" edge="1"><mxGeometry width="50" height="50" relative="1" as="geometry"><mxPoint x="2.647058823529413" y="340" as="sourcePoint"/><mxPoint x="29.117647058823522" y="308.75" as="targetPoint"/></mxGeometry></mxCell><mxCell id="99" value="" style="endArrow=none;html=1;strokeColor=#000000;strokeWidth=1;fontSize=11;exitX=1;exitY=0.5;entryX=0;entryY=0.5;" parent="95" source="96" target="103" edge="1"><mxGeometry width="50" height="50" relative="1" as="geometry"><mxPoint x="97.94117647058822" y="277.5" as="sourcePoint"/><mxPoint x="124.41176470588236" y="246.25" as="targetPoint"/></mxGeometry></mxCell><mxCell id="100" value="" style="group" parent="95" vertex="1" connectable="0"><mxGeometry x="55.58823529411764" y="7.5" width="24.88235294117647" height="16.25" as="geometry"/></mxCell><mxCell id="101" value="" style="rounded=1;whiteSpace=wrap;html=1;strokeWidth=1;fillColor=#F4EDFC;fontSize=12;strokeColor=#000000;" parent="100" vertex="1"><mxGeometry x="3.7058823529411766" width="21.176470588235293" height="10" as="geometry"/></mxCell><mxCell id="102" value="" style="rounded=1;whiteSpace=wrap;html=1;strokeWidth=1;fillColor=#F4EDFC;fontSize=12;strokeColor=#000000;" parent="100" vertex="1"><mxGeometry x="1.5882352941176472" y="3.125" width="21.176470588235293" height="10" as="geometry"/></mxCell><mxCell id="103" value="" style="rounded=1;whiteSpace=wrap;html=1;strokeWidth=1;fillColor=#F4EDFC;fontSize=12;strokeColor=#000000;" parent="100" vertex="1"><mxGeometry y="6.25" width="21.176470588235293" height="10" as="geometry"/></mxCell><mxCell id="111" value="" style="group" parent="1" vertex="1" connectable="0"><mxGeometry x="387.36832740213487" y="510" width="90" height="46" as="geometry"/></mxCell><mxCell id="82" value="" style="rounded=0;whiteSpace=wrap;html=1;fillColor=#E8F2FF;fontSize=12;strokeWidth=1;" parent="111" vertex="1"><mxGeometry width="90" height="46" as="geometry"/></mxCell><mxCell id="83" value="" style="group" parent="111" vertex="1" connectable="0"><mxGeometry x="4.764705882352985" y="4.25" width="80.4705882352941" height="37.5" as="geometry"/></mxCell><mxCell id="84" value="" style="rounded=1;whiteSpace=wrap;html=1;strokeWidth=1;fillColor=#B5D3FF;fontSize=12;strokeColor=#000000;" parent="83" vertex="1"><mxGeometry x="18.529411764705884" width="31.764705882352942" height="37.5" as="geometry"/></mxCell><mxCell id="85" value="" style="rounded=1;whiteSpace=wrap;html=1;strokeWidth=1;fillColor=#CCF0E2;fontSize=12;strokeColor=#000000;" parent="83" vertex="1"><mxGeometry y="13.75" width="12.705882352941178" height="10" as="geometry"/></mxCell><mxCell id="86" value="" style="endArrow=none;html=1;strokeColor=#000000;strokeWidth=1;fontSize=11;entryX=0;entryY=0.5;exitX=1;exitY=0.5;" parent="83" source="85" target="84" edge="1"><mxGeometry width="50" height="50" relative="1" as="geometry"><mxPoint x="2.647058823529413" y="340" as="sourcePoint"/><mxPoint x="29.117647058823522" y="308.75" as="targetPoint"/></mxGeometry></mxCell><mxCell id="87" value="" style="endArrow=none;html=1;strokeColor=#000000;strokeWidth=1;fontSize=11;exitX=1;exitY=0.5;entryX=0;entryY=0.5;" parent="83" source="84" target="91" edge="1"><mxGeometry width="50" height="50" relative="1" as="geometry"><mxPoint x="97.94117647058822" y="277.5" as="sourcePoint"/><mxPoint x="124.41176470588236" y="246.25" as="targetPoint"/></mxGeometry></mxCell><mxCell id="88" value="" style="group" parent="83" vertex="1" connectable="0"><mxGeometry x="55.58823529411764" y="7.5" width="24.88235294117647" height="16.25" as="geometry"/></mxCell><mxCell id="89" value="" style="rounded=1;whiteSpace=wrap;html=1;strokeWidth=1;fillColor=#F4EDFC;fontSize=12;strokeColor=#000000;" parent="88" vertex="1"><mxGeometry x="3.7058823529411766" width="21.176470588235293" height="10" as="geometry"/></mxCell><mxCell id="90" value="" style="rounded=1;whiteSpace=wrap;html=1;strokeWidth=1;fillColor=#F4EDFC;fontSize=12;strokeColor=#000000;" parent="88" vertex="1"><mxGeometry x="1.5882352941176472" y="3.125" width="21.176470588235293" height="10" as="geometry"/></mxCell><mxCell id="91" value="" style="rounded=1;whiteSpace=wrap;html=1;strokeWidth=1;fillColor=#F4EDFC;fontSize=12;strokeColor=#000000;" parent="88" vertex="1"><mxGeometry y="6.25" width="21.176470588235293" height="10" as="geometry"/></mxCell><mxCell id="17" value="" style="endArrow=none;html=1;strokeColor=#000000;strokeWidth=1;fontSize=12;entryX=0;entryY=0.5;exitX=1;exitY=0.5;" parent="1" source="82" target="94" edge="1"><mxGeometry width="50" height="50" relative="1" as="geometry"><mxPoint x="479.36832740213487" y="532" as="sourcePoint"/><mxPoint x="509.36832740213487" y="532" as="targetPoint"/></mxGeometry></mxCell><mxCell id="57" value="" style="group;fillColor=#ffffff;" parent="1" vertex="1" connectable="0"><mxGeometry x="329.36832740213487" y="406" width="90" height="50" as="geometry"/></mxCell><mxCell id="58" value="" style="rounded=0;whiteSpace=wrap;html=1;fillColor=#E8F2FF;fontSize=12;strokeWidth=1;" parent="1" vertex="1"><mxGeometry x="329.36832740213487" y="404" width="90" height="46" as="geometry"/></mxCell><mxCell id="22" value="" style="endArrow=none;html=1;strokeWidth=1;fontSize=12;exitX=0.5;exitY=0;strokeColor=#000000;entryX=1;entryY=0.5;" parent="1" source="94" target="58" edge="1"><mxGeometry width="50" height="50" relative="1" as="geometry"><mxPoint x="554.9999999999998" y="519" as="sourcePoint"/><mxPoint x="426.99999999999983" y="426" as="targetPoint"/></mxGeometry></mxCell><mxCell id="21" value="" style="endArrow=none;html=1;strokeWidth=1;fontSize=12;exitX=0.5;exitY=0;strokeColor=#000000;entryX=1;entryY=0.5;" parent="1" source="82" target="58" edge="1"><mxGeometry width="50" height="50" relative="1" as="geometry"><mxPoint x="438.99999999999983" y="519" as="sourcePoint"/><mxPoint x="426.99999999999983" y="426" as="targetPoint"/></mxGeometry></mxCell><mxCell id="59" value="" style="group" parent="1" vertex="1" connectable="0"><mxGeometry x="334.13303328448785" y="408.25" width="80.4705882352941" height="37.5" as="geometry"/></mxCell><mxCell id="60" value="" style="rounded=1;whiteSpace=wrap;html=1;strokeWidth=1;fillColor=#B5D3FF;fontSize=12;strokeColor=#000000;" parent="59" vertex="1"><mxGeometry x="18.529411764705884" width="31.764705882352942" height="37.5" as="geometry"/></mxCell><mxCell id="61" value="" style="rounded=1;whiteSpace=wrap;html=1;strokeWidth=1;fillColor=#CCF0E2;fontSize=12;strokeColor=#000000;" parent="59" vertex="1"><mxGeometry y="13.75" width="12.705882352941178" height="10" as="geometry"/></mxCell><mxCell id="62" value="" style="endArrow=none;html=1;strokeColor=#000000;strokeWidth=1;fontSize=11;entryX=0;entryY=0.5;exitX=1;exitY=0.5;" parent="59" source="61" target="60" edge="1"><mxGeometry width="50" height="50" relative="1" as="geometry"><mxPoint x="2.647058823529413" y="340" as="sourcePoint"/><mxPoint x="29.117647058823522" y="308.75" as="targetPoint"/></mxGeometry></mxCell><mxCell id="63" value="" style="endArrow=none;html=1;strokeColor=#000000;strokeWidth=1;fontSize=11;exitX=1;exitY=0.5;entryX=0;entryY=0.5;" parent="59" source="60" target="67" edge="1"><mxGeometry width="50" height="50" relative="1" as="geometry"><mxPoint x="97.94117647058822" y="277.5" as="sourcePoint"/><mxPoint x="124.41176470588236" y="246.25" as="targetPoint"/></mxGeometry></mxCell><mxCell id="64" value="" style="group" parent="59" vertex="1" connectable="0"><mxGeometry x="55.58823529411764" y="7.5" width="24.88235294117647" height="16.25" as="geometry"/></mxCell><mxCell id="65" value="" style="rounded=1;whiteSpace=wrap;html=1;strokeWidth=1;fillColor=#F4EDFC;fontSize=12;strokeColor=#000000;" parent="64" vertex="1"><mxGeometry x="3.7058823529411766" width="21.176470588235293" height="10" as="geometry"/></mxCell><mxCell id="66" value="" style="rounded=1;whiteSpace=wrap;html=1;strokeWidth=1;fillColor=#F4EDFC;fontSize=12;strokeColor=#000000;" parent="64" vertex="1"><mxGeometry x="1.5882352941176472" y="3.125" width="21.176470588235293" height="10" as="geometry"/></mxCell><mxCell id="67" value="" style="rounded=1;whiteSpace=wrap;html=1;strokeWidth=1;fillColor=#F4EDFC;fontSize=12;strokeColor=#000000;" parent="64" vertex="1"><mxGeometry y="6.25" width="21.176470588235293" height="10" as="geometry"/></mxCell><mxCell id="23" value="" style="endArrow=none;html=1;strokeWidth=1;fontSize=12;entryX=0;entryY=0.5;strokeColor=#000000;exitX=1;exitY=0.5;" parent="1" source="58" target="70" edge="1"><mxGeometry width="50" height="50" relative="1" as="geometry"><mxPoint x="425.36832740213487" y="426" as="sourcePoint"/><mxPoint x="565.3683274021348" y="426" as="targetPoint"/></mxGeometry></mxCell><mxCell id="69" value="" style="group;fillColor=#ffffff;" parent="1" vertex="1" connectable="0"><mxGeometry x="574.3683274021348" y="404" width="90" height="50" as="geometry"/></mxCell><mxCell id="70" value="" style="rounded=0;whiteSpace=wrap;html=1;fillColor=#E8F2FF;fontSize=12;strokeWidth=1;" parent="1" vertex="1"><mxGeometry x="571.3683274021348" y="404" width="90" height="46" as="geometry"/></mxCell><mxCell id="20" value="" style="endArrow=none;html=1;strokeWidth=1;fontSize=12;exitX=0.5;exitY=0;entryX=0;entryY=0.5;strokeColor=#000000;" parent="1" source="94" target="70" edge="1"><mxGeometry width="50" height="50" relative="1" as="geometry"><mxPoint x="554.9999999999998" y="519" as="sourcePoint"/><mxPoint x="566.9999999999998" y="426" as="targetPoint"/></mxGeometry></mxCell><mxCell id="71" value="" style="group" parent="1" vertex="1" connectable="0"><mxGeometry x="576.1330332844877" y="408.25" width="80.4705882352941" height="37.5" as="geometry"/></mxCell><mxCell id="72" value="" style="rounded=1;whiteSpace=wrap;html=1;strokeWidth=1;fillColor=#B5D3FF;fontSize=12;strokeColor=#000000;" parent="71" vertex="1"><mxGeometry x="18.529411764705884" width="31.764705882352942" height="37.5" as="geometry"/></mxCell><mxCell id="73" value="" style="rounded=1;whiteSpace=wrap;html=1;strokeWidth=1;fillColor=#CCF0E2;fontSize=12;strokeColor=#000000;" parent="71" vertex="1"><mxGeometry y="13.75" width="12.705882352941178" height="10" as="geometry"/></mxCell><mxCell id="74" value="" style="endArrow=none;html=1;strokeColor=#000000;strokeWidth=1;fontSize=11;entryX=0;entryY=0.5;exitX=1;exitY=0.5;" parent="71" source="73" target="72" edge="1"><mxGeometry width="50" height="50" relative="1" as="geometry"><mxPoint x="2.647058823529413" y="340" as="sourcePoint"/><mxPoint x="29.117647058823522" y="308.75" as="targetPoint"/></mxGeometry></mxCell><mxCell id="75" value="" style="endArrow=none;html=1;strokeColor=#000000;strokeWidth=1;fontSize=11;exitX=1;exitY=0.5;entryX=0;entryY=0.5;" parent="71" source="72" target="79" edge="1"><mxGeometry width="50" height="50" relative="1" as="geometry"><mxPoint x="97.94117647058822" y="277.5" as="sourcePoint"/><mxPoint x="124.41176470588236" y="246.25" as="targetPoint"/></mxGeometry></mxCell><mxCell id="76" value="" style="group" parent="71" vertex="1" connectable="0"><mxGeometry x="55.58823529411764" y="7.5" width="24.88235294117647" height="16.25" as="geometry"/></mxCell><mxCell id="77" value="" style="rounded=1;whiteSpace=wrap;html=1;strokeWidth=1;fillColor=#F4EDFC;fontSize=12;strokeColor=#000000;" parent="76" vertex="1"><mxGeometry x="3.7058823529411766" width="21.176470588235293" height="10" as="geometry"/></mxCell><mxCell id="78" value="" style="rounded=1;whiteSpace=wrap;html=1;strokeWidth=1;fillColor=#F4EDFC;fontSize=12;strokeColor=#000000;" parent="76" vertex="1"><mxGeometry x="1.5882352941176472" y="3.125" width="21.176470588235293" height="10" as="geometry"/></mxCell><mxCell id="79" value="" style="rounded=1;whiteSpace=wrap;html=1;strokeWidth=1;fillColor=#F4EDFC;fontSize=12;strokeColor=#000000;" parent="76" vertex="1"><mxGeometry y="6.25" width="21.176470588235293" height="10" as="geometry"/></mxCell><mxCell id="19" value="" style="endArrow=none;html=1;strokeWidth=1;fontSize=12;exitX=0.5;exitY=0;entryX=0;entryY=0.5;strokeColor=#000000;" parent="1" source="82" target="70" edge="1"><mxGeometry width="50" height="50" relative="1" as="geometry"><mxPoint x="438.99999999999983" y="519" as="sourcePoint"/><mxPoint x="566.9999999999998" y="426" as="targetPoint"/></mxGeometry></mxCell><mxCell id="118" value="" style="endArrow=none;html=1;strokeColor=#000000;strokeWidth=1;fontSize=11;entryX=0;entryY=0.5;exitX=1;exitY=0.5;" parent="1" source="8" target="123" edge="1"><mxGeometry width="50" height="50" relative="1" as="geometry"><mxPoint x="80" y="410" as="sourcePoint"/><mxPoint x="130" y="360" as="targetPoint"/></mxGeometry></mxCell><mxCell id="10" value="" style="endArrow=none;html=1;strokeColor=#000000;strokeWidth=1;fontSize=12;entryX=0;entryY=0.5;exitX=1;exitY=0.5;" parent="1" source="5" target="25" edge="1"><mxGeometry width="50" height="50" relative="1" as="geometry"><mxPoint x="5.765124555160142" y="543.9546599496222" as="sourcePoint"/><mxPoint x="76.93950177935943" y="467.1284634760705" as="targetPoint"/></mxGeometry></mxCell><mxCell id="44" value="" style="endArrow=none;html=1;strokeColor=#000000;strokeWidth=1;fontSize=11;entryX=0;entryY=0.5;exitX=1;exitY=0.25;" parent="1" source="43" target="34" edge="1"><mxGeometry width="50" height="50" relative="1" as="geometry"><mxPoint x="130" y="130" as="sourcePoint"/><mxPoint x="180" y="80" as="targetPoint"/><Array as="points"><mxPoint x="200" y="70"/></Array></mxGeometry></mxCell><mxCell id="4" value="" style="endArrow=none;html=1;strokeColor=#000000;strokeWidth=1;fontSize=11;entryX=0;entryY=0.5;exitX=1;exitY=0.25;" parent="1" source="43" target="34" edge="1"><mxGeometry width="50" height="50" relative="1" as="geometry"><mxPoint x="154" y="100" as="sourcePoint"/><mxPoint x="362" y="160" as="targetPoint"/><Array as="points"><mxPoint x="200" y="80"/></Array></mxGeometry></mxCell><mxCell id="5" value="" style="rounded=1;whiteSpace=wrap;html=1;strokeColor=#000000;strokeWidth=1;fillColor=#FFF2C5;fontSize=12;" parent="1" vertex="1"><mxGeometry x="34.23487544483986" y="90.8261964735516" width="119.5729537366548" height="61.460957178841305" as="geometry"/></mxCell><mxCell id="2" value="" style="endArrow=none;html=1;strokeColor=#000000;strokeWidth=1;fontSize=11;entryX=0;entryY=0.5;exitX=1;exitY=0.25;" parent="1" source="43" target="34" edge="1"><mxGeometry width="50" height="50" relative="1" as="geometry"><mxPoint x="180" y="180" as="sourcePoint"/><mxPoint x="374" y="145" as="targetPoint"/><Array as="points"><mxPoint x="200" y="90"/></Array></mxGeometry></mxCell><mxCell id="42" value="" style="endArrow=none;html=1;strokeColor=#000000;strokeWidth=1;fontSize=12;entryX=0;entryY=0.5;exitX=1;exitY=0.5;" parent="1" source="43" target="25" edge="1"><mxGeometry width="50" height="50" relative="1" as="geometry"><mxPoint x="62.704626334519574" y="436.39798488664985" as="sourcePoint"/><mxPoint x="133.87900355871886" y="359.57178841309815" as="targetPoint"/></mxGeometry></mxCell><mxCell id="43" value="&lt;font style=&quot;font-size: 13px&quot;&gt;Clients&lt;/font&gt;" style="rounded=1;whiteSpace=wrap;html=1;strokeColor=#000000;strokeWidth=1;fillColor=#FFF2C5;fontSize=12;" parent="1" vertex="1"><mxGeometry x="48.469750889679716" y="80.07052896725439" width="119.5729537366548" height="61.460957178841305" as="geometry"/></mxCell><mxCell id="123" value="&lt;div style=&quot;text-align: center ; font-size: 12px&quot;&gt;Consensus&lt;/div&gt;&lt;div style=&quot;text-align: center ; font-size: 12px&quot;&gt;Proxy&lt;/div&gt;" style="rounded=0;whiteSpace=wrap;html=1;strokeColor=#2764A4;strokeWidth=1;fillColor=#E8F2FF;fontSize=11;" vertex="1" parent="1"><mxGeometry x="393.3879003558718" y="209.04030226700252" width="76" height="46" as="geometry"/></mxCell></root></mxGraphModel>